season,team,lineup_xwoba,lu_oaa,rot_top2,lu_kpct
2024,118,0.3205873903687586,2.777777777777778,58.45411480070113,0.2085754696093614
2026,111,0.3152839479331951,1.309523809523809,44.56675590388247,0.2145836336014812
2023,109,0.3212389837739889,2.965811965811966,53.09248008393216,0.2063877989712698
2018,111,0.3350749882905774,1.3888888888888886,48.38211535233451,0.2027410922276499
2025,143,0.3275331972238466,0.1703703703703703,59.70365743837728,0.2280894416400072
2024,143,0.3295494042861134,0.4666666666666667,62.48315709333475,0.2228137597916326
2024,114,0.3068906972636981,1.6837606837606836,45.1864416593094,0.2098023737823035
2015,141,0.3271807327421919,0.0,54.576585788730654,0.1829253276815844
2025,114,0.3040133071448886,0.5069444444444441,45.53626332501375,0.2193721637686866
2017,109,0.3328756295828907,-0.5851851851851851,45.98920133074583,0.2193123926234721
2023,144,0.3550703852619016,-0.6592592592592593,56.29486277269528,0.2075795266855303
2022,144,0.3305893800940042,1.034722222222222,55.61806547333494,0.2400796742161348
2021,137,0.3299088594495697,1.8370370370370368,54.50690431033989,0.2270147669296295
2015,140,0.3225603543191617,0.0,43.50433193151988,0.1863389240169485
2015,117,0.3158791203821893,0.0,62.84417245702386,0.2151752610874391
2024,135,0.3330541083452016,-0.4761904761904761,60.03833265072173,0.1883451345612034
2025,135,0.328193113753272,-0.8962962962962964,57.82167774658297,0.1928077456637233
2021,117,0.3353895270642874,2.7638888888888893,47.74738478411237,0.2070492626068239
2020,117,0.3229497102165653,0.5259259259259261,44.72505976265688,0.20873418196489
2015,121,0.3282973694479987,0.0,60.10259922837059,0.2015640701712698
2018,147,0.3369464995391896,-3.9333333333333336,62.62673743998661,0.224169537722521
2019,147,0.3353175387982001,-2.5873015873015874,49.79527643784787,0.2250628969138621
2025,158,0.316505042012106,2.0074074074074075,46.35989925748216,0.2037628715670337
2024,158,0.3142663612625525,3.311111111111112,48.17554037588155,0.2311935263845095
2025,119,0.3297624714862047,0.902777777777778,47.95508626504852,0.2106687953330526
2024,119,0.3393431288932377,-0.5851851851851853,60.60802574686807,0.210173091095605
2026,110,0.3188085965869736,-0.1777777777777777,57.224511772422304,0.2507689583516442
2026,147,0.3236994714971238,0.2941176470588235,64.23209599186004,0.24440854462863956
2016,112,0.3230189255928487,3.520833333333333,50.41239212275917,0.2082031754737982
2017,112,0.3288282797275433,2.2916666666666665,44.02492175542806,0.2157754882157541
2016,119,0.3255869284027959,-1.1458333333333333,44.31257875889644,0.2049118841801658
2017,119,0.3354458998790269,-0.7777777777777777,48.39760375476108,0.2179439501382528
2015,147,0.3190699181366083,0.0,41.49276924496607,0.1998273090290424
2025,112,0.3298032050979516,4.215277777777779,43.785347245415736,0.2108611703992279
2022,139,0.307028901372207,1.2152777777777777,57.48159101542156,0.2181689088562008
2023,139,0.3189975012964417,-1.2735042735042736,59.634542419668605,0.2222781581937088
2023,142,0.3289371877852293,-0.4682539682539682,57.15114980323018,0.2519797237992306
2017,115,0.3179262602314764,2.777777777777778,47.53627997694933,0.2093098344327807
2026,140,0.3153238381266778,3.079365079365079,63.36271607623027,0.2272835304030682
2022,135,0.3231225655276988,1.1481481481481484,51.91114926176698,0.1998749934298734
2026,117,0.3148226859631842,-0.0396825396825397,52.6469650573145,0.21084910099745738
2017,142,0.3224044149813505,5.902777777777777,36.369619016807775,0.2037367200704184
2018,117,0.3156616219236797,2.888888888888889,54.63757707581132,0.1923863945135562
2023,158,0.3174666426407669,3.051851851851852,55.93122249473504,0.2166751364058131
2019,117,0.3411002356023651,2.301587301587302,71.2918716584413,0.188191275821329
2021,147,0.3376473817367227,-0.214814814814815,60.6991382191147,0.2346127118499641
2020,147,0.3408351832290689,-0.7581699346405228,58.31570348078655,0.2240096927737716
2022,119,0.3307527252136825,0.5686274509803921,50.3092066052737,0.221265285142145
2023,119,0.3387272326790292,-1.0833333333333333,56.977825872026735,0.2170911512050092
2021,111,0.3433170996986727,-4.4523809523809526,52.24863080769633,0.2164854520319548
2017,114,0.3361144002834609,2.2296296296296285,52.96694065225774,0.190419383907803
2026,141,0.3046160007917949,1.903703703703704,64.45106250928154,0.1923281904099723
2016,114,0.3247974265691878,1.733333333333333,54.921636959416105,0.1974512434719965
2022,114,0.3095265132034091,2.631944444444444,39.33904720198996,0.1828063141672548
2022,143,0.3286577489044219,-2.6319444444444446,54.96560469898767,0.2279070880046853
2023,143,0.328109979791536,-0.0518518518518521,63.15596290486221,0.2355266155945683
2022,138,0.3214014566098438,2.2142857142857144,38.96632878713741,0.1969972926220701
2025,113,0.3076181505114756,0.9791666666666664,45.34600895215252,0.228193486269962
2019,120,0.3345629113426741,3.601307189542484,47.54046931696802,0.2074141579792906
2024,144,0.3270041622920051,0.6000000000000003,53.52013965212976,0.2252277177018833
2018,158,0.3267417521101236,2.3925925925925924,36.235456011054815,0.2119753588529911
2022,117,0.3301276936486755,1.948148148148148,53.240881141993455,0.193195245732599
2023,117,0.3374338703146991,-0.6269841269841272,50.66207909101266,0.1992547925657208
2019,158,0.3200987779295156,0.6041666666666665,42.19161087118875,0.2413689692737775
2026,135,0.3237782841956914,2.451851851851852,51.56608238634079,0.2125955843436263
2023,140,0.3397859243617665,4.177777777777778,51.70045572476645,0.2212359408029137
2016,137,0.3228087993561956,0.1180555555555553,61.986988681641975,0.1800091090574044
2018,119,0.3343922542562149,-0.837037037037037,42.086920429868805,0.2110390902475576
2019,119,0.3339229595154075,0.3253968253968253,53.77035819874634,0.2248772411093469
2016,121,0.315447351315058,-1.7638888888888888,61.42978351407746,0.205059905809146
2026,158,0.3234851357885283,2.6349206349206344,72.04343170425375,0.2198771657979566
2026,119,0.327915665468011,-0.0074074074074074,68.44622481686567,0.20253187759034558
2024,110,0.325339853737207,-0.0634920634920636,53.59045647852762,0.2191635742345254
2025,147,0.3428626208775303,1.2222222222222223,55.577272242123456,0.235528205730417
2015,112,0.3139991526162159,0.0,58.66981544926399,0.2294368367915244
2024,147,0.3404131620140622,0.3333333333333336,54.411397322495816,0.2204625718713289
2026,139,0.3136419555532083,1.246031746031746,51.770040454654726,0.1878683777972463
2020,112,0.3250096878264263,0.7481481481481481,50.09794288043015,0.2445948412567442
2020,145,0.3272125851413695,1.0588235294117647,58.8818165944169,0.2461007072228676
2021,145,0.3331362502586753,-0.1736111111111111,62.43025167887393,0.2275055728219509
2018,115,0.318696834110674,0.2013888888888887,47.535586850952114,0.2162652390641195
2019,142,0.3407220613382228,-4.131944444444445,54.22687180715198,0.2164294670596787
2019,139,0.3289945055134384,0.9523809523809526,60.1412039014771,0.2262025387446283
2022,121,0.3245790968500416,0.984126984126984,41.064144892739705,0.2019511458234368
2016,140,0.3194198294884938,0.9333333333333336,62.45463379333696,0.2049608142237075
2017,117,0.3354215210810746,0.1944444444444444,50.38452853257479,0.1809787084551182
2026,143,0.322574892349831,-0.6814814814814818,60.50775355856527,0.2025595810741239
2022,136,0.3176551495271681,-0.2091503267973856,51.76603439426867,0.221887210488229
2016,141,0.3316741135897466,0.1527777777777777,57.19354002184309,0.2103226117077699
2026,114,0.3138812629796218,1.1984126984126988,52.60090525303156,0.19122084472184905
2019,138,0.3259861209474454,2.9444444444444446,52.65828460312615,0.2241538834892754
2018,114,0.3327509184945499,0.0592592592592592,56.76682534190054,0.1921985374291852
2021,144,0.3319004682559955,0.0718954248366014,57.16124289434566,0.2299547430497357
2020,113,0.3296234569132372,-1.576388888888889,65.21340410721797,0.2415211756507308
2025,111,0.3152502687105801,0.8962962962962961,57.00822359941381,0.2210912615185647
2020,133,0.3267868814314737,-1.3888888888888888,48.4575409554359,0.2238746111136798
2017,120,0.3260801330171752,-0.7013888888888883,61.48326034572389,0.2103316529895876
2016,120,0.3211660776372665,0.1736111111111111,54.56778957735856,0.208865105485792
2023,141,0.3264515687744131,0.8174603174603173,45.19837476099426,0.2138079198924791
2022,141,0.3277511204821247,-0.3851851851851853,50.55954215480281,0.2066014436873083
2025,136,0.3293104477261083,-1.8296296296296293,54.877419281646354,0.2261111847479402
2020,114,0.3264138243083622,0.6597222222222221,53.876919792404905,0.2244734484561138
2015,134,0.3174465804725042,0.0,47.372678921847424,0.1983340178864936
2019,144,0.3357698501132642,0.4841269841269842,49.84544094121994,0.2237216841593358
2018,144,0.3186577173731954,4.548148148148149,58.48952942151176,0.2036650986633924
2021,138,0.3246506183513588,5.176470588235294,38.64442480165575,0.2178190806052858
2020,138,0.3245228486264735,0.7777777777777778,46.58867303752224,0.2321722889148691
2017,111,0.3138641960465612,1.5069444444444444,59.8473758912849,0.1975702234454871
2026,144,0.3215998250110003,1.8296296296296293,55.81445685732975,0.2180379996475553
2016,111,0.3291971089270025,0.2152777777777774,48.44844227811491,0.1822088004157341
2015,118,0.3202311572478629,0.0,52.14041046891079,0.1682071853472774
2023,146,0.3249541161002977,-2.325925925925926,49.838319527943696,0.2298129555101815
2015,138,0.3195254749134765,0.0,38.540092853203845,0.2081319918893135
2018,133,0.3310930515748987,1.96031746031746,50.51377541095224,0.2199609449715393
2019,133,0.3368781874838703,0.9777777777777776,44.29461830813034,0.2223725644599645
2026,109,0.3216068357476257,3.357142857142856,51.42153728501047,0.1975887954596692
2025,116,0.3224398540596544,-0.0518518518518518,60.75694614320542,0.2313564735265759
2024,116,0.3135342915757141,1.769841269841269,52.607107538989496,0.244493648613722
2025,141,0.3305735142656001,2.888888888888889,46.51749997375136,0.1921747758631765
2024,117,0.3273429148979139,0.9444444444444446,45.32863760949179,0.1898870975537996
2020,135,0.3505337095428665,2.4285714285714284,54.24013016168168,0.2190768278463012
2021,158,0.316674327436362,-1.2013888888888888,62.64583668306549,0.2274497547230147
2020,158,0.327450060147156,0.1871345029239766,54.33181420851163,0.2488499098079883
2022,147,0.3271972234300346,1.4375000000000002,57.81276826697707,0.2232882741440985
2021,119,0.3420023950638418,-0.7407407407407407,57.100424165789065,0.2074581190097665
2020,119,0.3485939884935826,1.162962962962963,68.51984504712564,0.2137012229222294
2023,110,0.3203050726672362,-0.6148148148148148,45.81271135418601,0.2230529784137485
2016,110,0.3295651461835183,0.5902777777777772,51.072339666995205,0.2117701430368287
2026,145,0.3182404927148426,1.7185185185185186,53.81786217750325,0.2403988015226696
2015,119,0.3249065914314507,0.0,55.2021066971329,0.2040504925496419
2021,139,0.3202217778579797,1.8962962962962964,57.95292396690013,0.235777165637456
2020,139,0.3225557803903727,0.4236111111111112,71.2852340210895,0.2547737879082425
2026,112,0.3250278340672827,6.261904761904761,50.962760861627245,0.2098050462940777
2017,147,0.3353921287929495,2.6944444444444446,63.10931639508513,0.2130090997849259
2024,121,0.3253225646599271,-0.4518518518518516,41.326732518357815,0.2280524053095345
2018,112,0.323037884532066,0.5902777777777777,46.34076909421737,0.207407269113697
2020,142,0.3242919894946456,1.0,54.39943418383688,0.2393335489021525
