season,team,lineup_xwoba,lineup_woba,n_games,core9
2024,118,0.3205873903687586,0.3109786624641066,14,Bobby Witt;Salvador Perez;Tommy Pham;Yuli Gurriel;Maikel Garcia;Michael Massey;Kyle Isbel;Hunter Renfroe;MJ Melendez
2026,111,0.3152839479331951,0.31655604326749126,14,Roman Anthony;Trevor Story;Wilyer Abreu;Caleb Durbin;Nick Sogard;Adley Rutschman;Mickey Gasper;Jarren Duran;Isiah Kiner-Falefa
2023,109,0.32123898377398896,0.32455957246504114,13,Corbin Carroll;Tommy Pham;Christian Walker;Alek Thomas;Lourdes Gurriel;Gabriel Moreno;Ketel Marte;Geraldo Perdomo;Jace Peterson
2018,111,0.3350749882905774,0.33493473489984227,14,J.D. Martinez;Andrew Benintendi;Rafael Devers;Xander Bogaerts;Mookie Betts;Jackie Bradley;Ian Kinsler;Brock Holt;Steve Pearce
2020,141,0.3290816923121924,0.3289808108570864,17,Cavan Biggio;Bo Bichette;Randal Grichuk;Vladimir Guerrero;Lourdes Gurriel;Teoscar Hernández;Joe Panik;Travis Shaw;Jonathan Villar
2025,143,0.32753319722384666,0.32782404493402406,15,Kyle Schwarber;Harrison Bader;Bryce Harper;Bryson Stott;Brandon Marsh;J.T. Realmuto;Max Kepler;Otto Kemp;Alec Bohm
2024,143,0.32954940428611346,0.32824341337905527,15,Kyle Schwarber;Trea Turner;Nick Castellanos;Bryce Harper;Alec Bohm;J.T. Realmuto;Bryson Stott;Brandon Marsh;Johan Rojas
2024,114,0.30689069726369816,0.30857026421543016,13,José Ramírez;Josh Naylor;Lane Thomas;Andrés Giménez;Angel Martínez;Kyle Manzardo;Brayan Rocchio;Bo Naylor;Will Brennan
2015,141,0.3271807327421919,0.3339855270495373,16,Ben Revere;Josh Donaldson;José Bautista;Edwin Encarnación;Ryan Goins;Kevin Pillar;Russell Martin;Cliff Pennington;Justin Smoak
2025,114,0.3040133071448886,0.3035319728544474,16,Steven Kwan;José Ramírez;Gabriel Arias;Kyle Manzardo;Brayan Rocchio;Bo Naylor;Angel Martínez;CJ Kayfus;Daniel Schneemann
2017,109,0.33287562958289074,0.33744875311892475,15,Paul Goldschmidt;David Peralta;J.D. Martinez;AJ Pollock;Ketel Marte;Jake Lamb;Chris Iannetta;Daniel Descalso;Brandon Drury
2023,144,0.3550703852619016,0.3522678612450786,15,Ozzie Albies;Matt Olson;Austin Riley;Marcell Ozuna;Ronald Acuña;Michael Harris;Orlando Arcia;Eddie Rosario;Sean Murphy
2022,144,0.33058938009400424,0.3306348910697607,16,Dansby Swanson;Austin Riley;Michael Harris;Matt Olson;William Contreras;Ronald Acuña;Travis d'Arnaud;Eddie Rosario;Orlando Arcia
2021,137,0.32990885944956977,0.334771134833979,15,Brandon Crawford;LaMonte Wade;Kris Bryant;Buster Posey;Evan Longoria;Tommy La Stella;Mike Yastrzemski;Brandon Belt;Wilmer Flores
2015,140,0.32256035431916175,0.3279001788843055,16,Shin-Soo Choo;Delino DeShields;Adrian Beltré;Prince Fielder;Elvis Andrus;Rougned Odor;Mitch Moreland;Mike Napoli;Chris Gimenez
2015,117,0.3158791203821893,0.32586946092049157,15,Jose Altuve;George Springer;Carlos Correa;Evan Gattis;Jed Lowrie;Colby Rasmus;Jason Castro;Chris Carter;Luis Valbuena
2024,135,0.3330541083452016,0.3262901846303969,14,Jurickson Profar;Manny Machado;Fernando Tatis;Jackson Merrill;Xander Bogaerts;Luis Arraez;Jake Cronenworth;Donovan Solano;Kyle Higashioka
2025,135,0.32819311375327204,0.32470808242259347,15,Gavin Sheets;Luis Arraez;Jackson Merrill;Fernando Tatis;Ryan O'Hearn;Manny Machado;Jake Cronenworth;Ramón Laureano;Freddy Fermin
2021,117,0.33538952706428743,0.3360171261915356,16,Jose Altuve;Alex Bregman;Kyle Tucker;Carlos Correa;Yordan Alvarez;Yuli Gurriel;Jake Meyers;Martín Maldonado;Chas McCormick
2020,117,0.3229497102165653,0.3213166119380194,15,Alex Bregman;Michael Brantley;George Springer;Jose Altuve;Carlos Correa;Kyle Tucker;Yuli Gurriel;Josh Reddick;Martín Maldonado
2015,121,0.3282973694479987,0.32471897366445446,16,Yoenis Cespedes;Curtis Granderson;David Wright;Lucas Duda;Daniel Murphy;Michael Conforto;Travis d'Arnaud;Rubén Tejada;Wilmer Flores
2018,147,0.33694649953918965,0.34027019304751416,15,Andrew McCutchen;Giancarlo Stanton;Luke Voit;Miguel Andujar;Aaron Judge;Gleyber Torres;Aaron Hicks;Gary Sánchez;Didi Gregorius
2019,147,0.33531753879820014,0.3419379113849367,14,DJ LeMahieu;Brett Gardner;Aaron Judge;Didi Gregorius;Luke Voit;Gio Urshela;Gleyber Torres;Giancarlo Stanton;Cameron Maybin
2025,158,0.31650504201210605,0.3226905444069448,15,Jackson Chourio;Christian Yelich;Brice Turang;Caleb Durbin;Sal Frelick;William Contreras;Joey Ortiz;Jake Bauers;Isaac Collins
2024,158,0.31426636126255253,0.3171177456373943,15,Brice Turang;Jackson Chourio;Willy Adames;Joey Ortiz;William Contreras;Sal Frelick;Rhys Hoskins;Garrett Mitchell;Blake Perkins
2025,119,0.32976247148620474,0.3249584197515244,16,Shohei Ohtani;Mookie Betts;Freddie Freeman;Teoscar Hernández;Andy Pages;Miguel Rojas;Michael Conforto;Ben Rortvedt;Tommy Edman
2024,119,0.33934312889323776,0.33914978544327085,15,Shohei Ohtani;Mookie Betts;Teoscar Hernández;Tommy Edman;Freddie Freeman;Max Muncy;Will Smith;Gavin Lux;Miguel Rojas
2026,110,0.3188085965869736,0.3142727251480442,15,Pete Alonso;Coby Mayo;Gunnar Henderson;Dylan Beavers;Christian Encarnacion-Strand;Colton Cowser;Samuel Basallo;Jackson Holliday;Leody Taveras
2026,147,0.32369947149712386,0.32336965403302786,14,Cody Bellinger;Ben Rice;Spencer Jones;George Lombard Jr.;Austin Wells;Luis García Jr.;Ryan McMahon;Anthony Volpe;Aaron Judge
2016,112,0.3230189255928487,0.33008839668228385,16,Kris Bryant;Anthony Rizzo;Dexter Fowler;Ben Zobrist;Addison Russell;Jason Heyward;Javier Báez;Chris Coghlan;Willson Contreras
2017,112,0.32882827972754336,0.33104819984609596,16,Anthony Rizzo;Kris Bryant;Ben Zobrist;Jon Jay;Willson Contreras;Jason Heyward;Javier Báez;Addison Russell;Kyle Schwarber
2016,119,0.32558692840279596,0.3259722681162489,16,Corey Seager;Justin Turner;Adrián González;Howie Kendrick;Chase Utley;Joc Pederson;Yasmani Grandal;Yasiel Puig;Josh Reddick
2017,119,0.3354458998790269,0.33742938370757036,16,Cody Bellinger;Corey Seager;Chris Taylor;Justin Turner;Yasiel Puig;Curtis Granderson;Yasmani Grandal;Logan Forsythe;Chase Utley
2015,147,0.31906991813660834,0.3217307110934117,17,Carlos Beltrán;Jacoby Ellsbury;Brett Gardner;Greg Bird;Chase Headley;Didi Gregorius;Alex Rodriguez;Brian McCann;Dustin Ackley
2025,112,0.3298032050979516,0.32419729521829993,16,Nico Hoerner;Ian Happ;Michael Busch;Dansby Swanson;Pete Crow-Armstrong;Matt Shaw;Moisés Ballesteros;Carson Kelly;Seiya Suzuki
2022,139,0.30702890137220706,0.3083953336178854,16,Randy Arozarena;Wander Franco;Manuel Margot;Harold Ramírez;Isaac Paredes;David Peralta;Jonathan Aranda;Jose Siri;Ji Man Choi
2023,139,0.3189975012964417,0.32827341731823156,13,Isaac Paredes;Manuel Margot;Yandy Díaz;Josh Lowe;Curtis Mead;Randy Arozarena;Harold Ramírez;Junior Caminero;Taylor Walls
2023,142,0.3289371877852293,0.33157411146402294,14,Edouard Julien;Max Kepler;Matt Wallner;Jorge Polanco;Kyle Farmer;Willi Castro;Donovan Solano;Michael A. Taylor;Alex Kirilloff
2017,115,0.31792626023147647,0.3366858562135272,15,Charlie Blackmon;Nolan Arenado;DJ LeMahieu;Trevor Story;Ian Desmond;Jonathan Lucroy;Carlos González;Gerardo Parra;Mark Reynolds
2026,140,0.3153238381266778,0.32002257064755385,14,Corey Seager;Ezequiel Duran;Wyatt Langford;Jake Burger;Brandon Nimmo;Danny Jansen;Josh Jung;Nicky Lopez;Evan Carter
2022,135,0.3231225655276988,0.3261433064013821,15,Juan Soto;Manny Machado;Jurickson Profar;Brandon Drury;Jake Cronenworth;Ha-Seong Kim;Josh Bell;Austin Nola;Wil Myers
2026,117,0.3148226859631842,0.3235255156682143,14,Jeremy Peña;Isaac Paredes;Jose Altuve;Yordan Alvarez;Daulton Varsho;Christian Walker;Cam Smith;Yainer Diaz;Taylor Trammell
2017,142,0.32240441498135053,0.32693203080398037,16,Jorge Polanco;Brian Dozier;Joe Mauer;Eddie Rosario;Eduardo Escobar;Byron Buxton;Max Kepler;Robbie Grossman;Jason Castro
2018,117,0.3156616219236797,0.327275618823453,15,Jose Altuve;Alex Bregman;Yuli Gurriel;George Springer;Marwin Gonzalez;Tyler White;Josh Reddick;Tony Kemp;Martín Maldonado
2023,158,0.3174666426407669,0.3171279802232578,15,William Contreras;Willy Adames;Mark Canha;Carlos Santana;Josh Donaldson;Sal Frelick;Tyrone Taylor;Brice Turang;Christian Yelich
2019,117,0.3411002356023651,0.35407544023444526,14,Alex Bregman;Jose Altuve;George Springer;Yuli Gurriel;Yordan Alvarez;Michael Brantley;Kyle Tucker;Aledmys Díaz;Josh Reddick
2021,147,0.3376473817367227,0.32795049867290316,15,Aaron Judge;Giancarlo Stanton;Gleyber Torres;Anthony Rizzo;Brett Gardner;Gio Urshela;Joey Gallo;DJ LeMahieu;Gary Sánchez
2020,147,0.3408351832290689,0.33977352818899825,17,DJ LeMahieu;Luke Voit;Aaron Hicks;Clint Frazier;Gary Sánchez;Gleyber Torres;Gio Urshela;Brett Gardner;Aaron Judge
2022,119,0.3307527252136825,0.3309370375411952,17,Trea Turner;Freddie Freeman;Mookie Betts;Max Muncy;Will Smith;Cody Bellinger;Gavin Lux;Trayce Thompson;Justin Turner
2023,119,0.3387272326790292,0.33897912445066025,16,Freddie Freeman;Mookie Betts;J.D. Martinez;Max Muncy;James Outman;Jason Heyward;Will Smith;David Peralta;Chris Taylor
2021,111,0.34331709969867275,0.33952681408613944,14,Enrique Hernández;Xander Bogaerts;Rafael Devers;J.D. Martinez;Hunter Renfroe;Kyle Schwarber;Alex Verdugo;Christian Vázquez;Jose Iglesias
2020,146,0.3221999190634219,0.323759720323414,21,Garrett Cooper;Corey Dickerson;Starling Marte;Brian Anderson;Jesús Aguilar;Miguel Rojas;Matt Joyce;Jazz Chisholm;Jorge Alfaro
2017,114,0.33611440028346096,0.33668155770784614,15,Francisco Lindor;Jay Bruce;Edwin Encarnación;Carlos Santana;Austin Jackson;José Ramírez;Jason Kipnis;Roberto Pérez;Gio Urshela
2026,141,0.3046160007917949,0.3148929705713389,15,Brett Bateman;Vladimir Guerrero Jr.;Kazuma Okamoto;Nathan Lukes;Andrés Giménez;George Springer;Alejandro Kirk;Ernie Clement;Josh Smith
2016,114,0.32479742656918786,0.3311940058508716,15,Carlos Santana;Jason Kipnis;José Ramírez;Francisco Lindor;Mike Napoli;Tyler Naquin;Roberto Pérez;Rajai Davis;Coco Crisp
2022,114,0.3095265132034091,0.3171227725070166,16,Steven Kwan;Oscar Gonzalez;José Ramírez;Amed Rosario;Andrés Giménez;Josh Naylor;Myles Straw;Will Brennan;Austin Hedges
2022,143,0.3286577489044219,0.32440662425578054,16,Kyle Schwarber;Rhys Hoskins;Bryce Harper;Alec Bohm;Jean Segura;J.T. Realmuto;Bryson Stott;Brandon Marsh;Matt Vierling
2023,143,0.328109979791536,0.33112174731835703,15,Kyle Schwarber;Bryce Harper;Alec Bohm;Trea Turner;Nick Castellanos;Bryson Stott;J.T. Realmuto;Brandon Marsh;Johan Rojas
2022,138,0.3214014566098438,0.32702068554145497,14,Paul Goldschmidt;Brendan Donovan;Nolan Arenado;Lars Nootbaar;Albert Pujols;Dylan Carlson;Tommy Edman;Corey Dickerson;Juan Yepez
2025,113,0.3076181505114756,0.3140997749268183,16,TJ Friedl;Elly De La Cruz;Noelvi Marte;Gavin Lux;Matt McLain;Spencer Steer;Ke'Bryan Hayes;Will Benson;Tyler Stephenson
2019,120,0.3345629113426741,0.33682509020185836,17,Trea Turner;Adam Eaton;Juan Soto;Anthony Rendon;Victor Robles;Asdrúbal Cabrera;Yan Gomes;Howie Kendrick;Ryan Zimmerman
2024,144,0.32700416229200513,0.3180091112012058,15,Michael Harris;Marcell Ozuna;Jorge Soler;Matt Olson;Gio Urshela;Orlando Arcia;Ramón Laureano;Ozzie Albies;Sean Murphy
2018,158,0.3267417521101236,0.3300087320033018,15,Christian Yelich;Jesús Aguilar;Mike Moustakas;Lorenzo Cain;Travis Shaw;Orlando Arcia;Ryan Braun;Erik Kratz;Curtis Granderson
2022,117,0.3301276936486755,0.32823552121402344,15,Alex Bregman;Kyle Tucker;Jeremy Peña;Yordan Alvarez;Jose Altuve;Yuli Gurriel;Trey Mancini;Aledmys Díaz;Chas McCormick
2023,117,0.3374338703146991,0.33964459278883685,14,Jose Altuve;Alex Bregman;José Abreu;Yordan Alvarez;Kyle Tucker;Jeremy Peña;Chas McCormick;Martín Maldonado;Mauricio Dubón
2019,158,0.3200987779295156,0.3230240225055446,16,Yasmani Grandal;Trent Grisham;Mike Moustakas;Eric Thames;Lorenzo Cain;Keston Hiura;Orlando Arcia;Ryan Braun;Cory Spangenberg
2026,135,0.3237782841956914,0.3252117829241775,15,Fernando Tatis Jr.;Manny Machado;Jackson Merrill;Jake Cronenworth;Xander Bogaerts;Dustin Harris;Ty France;Luis Campusano;Samad Taylor
2023,140,0.3397859243617665,0.344489249433936,15,Marcus Semien;Corey Seager;Nathaniel Lowe;Leody Taveras;Jonah Heim;Josh Jung;Adolis García;Mitch Garver;Evan Carter
2016,137,0.32280879935619566,0.3234705001306887,16,Hunter Pence;Buster Posey;Brandon Belt;Ángel Pagán;Brandon Crawford;Joe Panik;Denard Span;Eduardo Núñez;Gorkys Hernández
2018,119,0.33439225425621494,0.3416729216776228,15,Justin Turner;Manny Machado;Yasmani Grandal;Enrique Hernández;Joc Pederson;Cody Bellinger;Yasiel Puig;Chris Taylor;Max Muncy
2019,119,0.3339229595154075,0.3372931440957042,14,Cody Bellinger;Max Muncy;Corey Seager;AJ Pollock;Gavin Lux;Joc Pederson;Chris Taylor;Will Smith;Enrique Hernández
2016,121,0.315447351315058,0.3221522352766589,16,Asdrúbal Cabrera;Yoenis Cespedes;José Reyes;Curtis Granderson;T.J. Rivera;Jay Bruce;James Loney;René Rivera;Travis d'Arnaud
2026,158,0.3234851357885283,0.3296134914828857,14,Jackson Chourio;Brice Turang;Garrett Mitchell;William Contreras;Joey Ortiz;Cooper Pratt;Luis Lara;Andrew Vaughn;Christian Yelich
2026,119,0.32791566546801104,0.3264166873911766,15,Mookie Betts;Tommy Edman;Teoscar Hernández;Kyle Tucker;Freddie Freeman;Max Muncy;Will Smith;Josue De Paula;Enrique Hernández
2024,110,0.32533985373720703,0.3213784617159322,14,Gunnar Henderson;Anthony Santander;Adley Rutschman;Colton Cowser;Cedric Mullins;Ryan O'Hearn;Emmanuel Rivera;Heston Kjerstad;Jordan Westburg
2025,147,0.34286262087753033,0.3422777490783947,16,Aaron Judge;Cody Bellinger;Trent Grisham;Giancarlo Stanton;Ben Rice;Jazz Chisholm;Ryan McMahon;Austin Wells;Paul Goldschmidt
2015,112,0.31399915261621597,0.32066522441540085,16,Anthony Rizzo;Kris Bryant;Dexter Fowler;Kyle Schwarber;Starlin Castro;Addison Russell;Chris Coghlan;Miguel Montero;Jorge Soler
2024,147,0.34041316201406224,0.33046904346734857,14,Gleyber Torres;Juan Soto;Aaron Judge;Jazz Chisholm;Jasson Domínguez;Anthony Volpe;Giancarlo Stanton;Austin Wells;Anthony Rizzo
2026,139,0.3136419555532083,0.3269870506982693,14,Junior Caminero;Yandy Díaz;Chandler Simpson;Jonathan Aranda;Victor Mesa Jr.;Liam Hicks;Richie Palacios;Jorge Mateo;Jonny DeLuca
2020,112,0.3250096878264263,0.3176787605507967,15,Kyle Schwarber;Willson Contreras;Anthony Rizzo;Ian Happ;Javier Báez;Jason Heyward;Kris Bryant;Jason Kipnis;Victor Caratini
2020,145,0.3272125851413695,0.3307111943585881,17,Tim Anderson;José Abreu;Yoán Moncada;Eloy Jiménez;Luis Robert;Edwin Encarnación;Nick Madrigal;Yasmani Grandal;Nomar Mazara
2021,145,0.3331362502586753,0.3351032210662771,16,Yasmani Grandal;Yoán Moncada;Tim Anderson;Luis Robert;Eloy Jiménez;José Abreu;Leury Garcia;César Hernández;Gavin Sheets
2018,115,0.31869683411067407,0.33141535510148806,16,Charlie Blackmon;DJ LeMahieu;Nolan Arenado;Ian Desmond;David Dahl;Trevor Story;Carlos González;Chris Iannetta;Tony Wolters
2019,142,0.34072206133822286,0.34122564282178636,16,Eddie Rosario;Jorge Polanco;Miguel Sanó;Nelson Cruz;Luis Arraez;Jonathan Schoop;Jake Cave;Mitch Garver;LaMonte Wade
2019,139,0.32899450551343845,0.3229074526928245,14,Austin Meadows;Tommy Pham;Joey Wendle;Willy Adames;Ji Man Choi;Travis d'Arnaud;Kevin Kiermaier;Matt Duffy;Avisaíl García
2022,121,0.3245790968500416,0.32696942791279293,14,Francisco Lindor;Pete Alonso;Brandon Nimmo;Jeff McNeil;Mark Canha;Eduardo Escobar;Daniel Vogelbach;Luis Guillorme;Tomás Nido
2016,140,0.3194198294884938,0.32823932510224385,15,Carlos Gómez;Adrian Beltré;Ian Desmond;Rougned Odor;Carlos Beltrán;Jonathan Lucroy;Elvis Andrus;Mitch Moreland;Nomar Mazara
2017,117,0.3354215210810746,0.34498717684710567,16,George Springer;Alex Bregman;Carlos Correa;Jose Altuve;Yuli Gurriel;Marwin Gonzalez;Evan Gattis;Brian McCann;Josh Reddick
2026,143,0.32257489234983105,0.3230724364010791,15,Kyle Schwarber;Trea Turner;Bryce Harper;Luis Arraez;Alec Bohm;Bryson Stott;J.T. Realmuto;Brandon Marsh;Justin Crawford
2022,136,0.31765514952716817,0.30932783930137614,17,Ty France;Mitch Haniger;Carlos Santana;J.P. Crawford;Jarred Kelenic;Dylan Moore;Adam Frazier;Eugenio Suárez;Abraham Toro
2016,141,0.33167411358974663,0.33480163618371583,16,Josh Donaldson;Edwin Encarnación;José Bautista;Troy Tulowitzki;Devon Travis;Russell Martin;Kevin Pillar;Ezequiel Carrera;Michael Saunders
2026,114,0.3138812629796218,0.31416675677594547,14,Steven Kwan;Jo Adell;José Ramírez;Travis Bazzana;Brayan Rocchio;Angel Martínez;Nathaniel Lowe;Chase DeLauter;Angel Genao
2019,138,0.32598612094744545,0.31983805945973964,16,Dexter Fowler;Tommy Edman;Paul Goldschmidt;Marcell Ozuna;Yadier Molina;Paul DeJong;Harrison Bader;Matt Carpenter;Kolten Wong
2018,114,0.33275091849454996,0.33219333228897063,15,Francisco Lindor;José Ramírez;Michael Brantley;Edwin Encarnación;Melky Cabrera;Josh Donaldson;Yonder Alonso;Jason Kipnis;Yandy Díaz
2020,144,0.3518048393742698,0.3506927048706746,16,Marcell Ozuna;Ronald Acuña;Freddie Freeman;Dansby Swanson;Ozzie Albies;Adam Duvall;Travis d'Arnaud;Austin Riley;Nick Markakis
2021,144,0.33190046825599556,0.3250129171199237,17,Freddie Freeman;Ozzie Albies;Austin Riley;Dansby Swanson;Jorge Soler;Eddie Rosario;Adam Duvall;Travis d'Arnaud;Joc Pederson
2020,113,0.3296234569132372,0.3218997345280889,16,Joey Votto;Nick Castellanos;Shogo Akiyama;Eugenio Suárez;Mike Moustakas;Freddy Galvis;Brian Goodwin;Jesse Winker;Aristides Aquino
2025,111,0.3152502687105801,0.3188029696538042,15,Trevor Story;Jarren Duran;Alex Bregman;Ceddanne Rafaela;Masataka Yoshida;Nathaniel Lowe;Romy Gonzalez;Carlos Narváez;Nate Eaton
2020,133,0.3267868814314737,0.31984400794997414,18,Tommy La Stella;Marcus Semien;Mark Canha;Matt Olson;Ramón Laureano;Robbie Grossman;Jake Lamb;Stephen Piscotty;Sean Murphy
2017,120,0.3260801330171752,0.3333108158070653,16,Trea Turner;Michael A. Taylor;Anthony Rendon;Jayson Werth;Daniel Murphy;Ryan Zimmerman;Matt Wieters;Howie Kendrick;Bryce Harper
2016,120,0.32116607763726657,0.3227457327012486,16,Trea Turner;Anthony Rendon;Danny Espinosa;Jayson Werth;Bryce Harper;Ryan Zimmerman;Stephen Drew;Wilson Ramos;Wilmer Difo
2023,141,0.3264515687744131,0.32458561987790246,14,Bo Bichette;George Springer;Cavan Biggio;Matt Chapman;Vladimir Guerrero;Kevin Kiermaier;Alejandro Kirk;Daulton Varsho;Whit Merrifield
2022,141,0.3277511204821247,0.32651504063585046,15,Bo Bichette;Vladimir Guerrero;George Springer;Matt Chapman;Teoscar Hernández;Raimel Tapia;Whit Merrifield;Alejandro Kirk;Danny Jansen
2025,136,0.32931044772610835,0.3343555025029209,15,Randy Arozarena;Cal Raleigh;Julio Rodríguez;Eugenio Suárez;Jorge Polanco;J.P. Crawford;Josh Naylor;Dominic Canzone;Victor Robles
2020,114,0.3264138243083622,0.31769121800129746,16,Francisco Lindor;José Ramírez;Carlos Santana;Franmil Reyes;César Hernández;Roberto Pérez;Tyler Naquin;Delino DeShields;Josh Naylor
2015,134,0.31744658047250424,0.3157110661207742,16,Andrew McCutchen;Starling Marte;Gregory Polanco;Jordy Mercer;Francisco Cervelli;Aramis Ramirez;Neil Walker;Pedro Álvarez;Josh Harrison
2019,144,0.3357698501132642,0.33145231096170047,14,Ozzie Albies;Dansby Swanson;Nick Markakis;Freddie Freeman;Josh Donaldson;Ronald Acuña;Matt Joyce;Brian McCann;Tyler Flowers
2018,144,0.3186577173731954,0.32747826238490724,15,Ronald Acuña;Nick Markakis;Freddie Freeman;Ozzie Albies;Ender Inciarte;Johan Camargo;Charlie Culberson;Tyler Flowers;Dansby Swanson
2021,138,0.3246506183513588,0.32303957359323965,17,Paul Goldschmidt;Tyler O'Neill;Tommy Edman;Nolan Arenado;Harrison Bader;Dylan Carlson;Yadier Molina;Edmundo Sosa;Paul DeJong
2020,138,0.32452284862647357,0.31644477386060926,21,Paul Goldschmidt;Tommy Edman;Paul DeJong;Kolten Wong;Brad Miller;Yadier Molina;Matt Carpenter;Tyler O'Neill;Harrison Bader
2017,111,0.31386419604656124,0.319672746488397,16,Xander Bogaerts;Andrew Benintendi;Rafael Devers;Jackie Bradley;Mookie Betts;Mitch Moreland;Christian Vázquez;Dustin Pedroia;Hanley Ramirez
2026,144,0.3215998250110003,0.32207751623314446,15,Drake Baldwin;Ronald Acuña Jr.;Matt Olson;Michael Harris II;Mauricio Dubón;Ozzie Albies;Austin Riley;Mike Yastrzemski;Sean Murphy
2016,111,0.32919710892700255,0.34810895649753915,16,Xander Bogaerts;Dustin Pedroia;David Ortiz;Mookie Betts;Hanley Ramirez;Jackie Bradley;Sandy León;Andrew Benintendi;Travis Shaw
2015,118,0.3202311572478629,0.32386900863639534,16,Eric Hosmer;Ben Zobrist;Mike Moustakas;Alex Gordon;Alex Rios;Alcides Escobar;Salvador Perez;Lorenzo Cain;Kendrys Morales
2023,146,0.32495411610029773,0.321419425249735,15,Josh Bell;Jake Burger;Jazz Chisholm;Jorge Soler;Garrett Hampson;Bryan De La Cruz;Jon Berti;Jesús Sánchez;Nick Fortes
2015,138,0.3195254749134765,0.318872222138888,16,Matt Carpenter;Jason Heyward;Jhonny Peralta;Stephen Piscotty;Tony Cruz;Kolten Wong;Tommy Pham;Randal Grichuk;Matt Holliday
2018,133,0.3310930515748987,0.33354766687246146,14,Matt Chapman;Jed Lowrie;Khris Davis;Matt Olson;Marcus Semien;Ramón Laureano;Stephen Piscotty;Nick Martini;Jonathan Lucroy
2019,133,0.3368781874838703,0.3341812836604695,15,Marcus Semien;Matt Olson;Matt Chapman;Mark Canha;Khris Davis;Ramón Laureano;Chad Pinder;Sheldon Neuse;Sean Murphy
2026,109,0.3216068357476257,0.32358841065407756,14,Ketel Marte;Geraldo Perdomo;Gabriel Moreno;Nolan Arenado;Lars Nootbaar;Corbin Carroll;Tim Tawa;Jordan Lawlar;Pavin Smith
2025,116,0.3224398540596544,0.3200084692717606,15,Parker Meadows;Gleyber Torres;Spencer Torkelson;Riley Greene;Wenceel Pérez;Dillon Dingler;Kerry Carpenter;Zach McKinstry;Javier Báez
2024,116,0.3135342915757141,0.31080767991194663,14,Riley Greene;Parker Meadows;Spencer Torkelson;Trey Sweeney;Colt Keith;Matt Vierling;Kerry Carpenter;Wenceel Pérez;Jake Rogers
2025,141,0.33057351426560017,0.3297574996718045,16,George Springer;Vladimir Guerrero;Ernie Clement;Davis Schneider;Addison Barger;Daulton Varsho;Alejandro Kirk;Nathan Lukes;Andrés Giménez
2024,117,0.3273429148979139,0.3256871140554833,14,Yainer Diaz;Jeremy Peña;Alex Bregman;Jose Altuve;Kyle Tucker;Victor Caratini;Mauricio Dubón;Yordan Alvarez;Jake Meyers
2020,135,0.35053370954286656,0.3425420669807475,14,Manny Machado;Fernando Tatis;Trent Grisham;Wil Myers;Jake Cronenworth;Jurickson Profar;Austin Nola;Mitch Moreland;Tommy Pham
2021,158,0.31667432743636204,0.31934466676244205,16,Kolten Wong;Eduardo Escobar;Christian Yelich;Luis Urías;Willy Adames;Omar Narváez;Jace Peterson;Lorenzo Cain;Avisaíl García
2020,158,0.32745006014715605,0.3175270796919519,19,Christian Yelich;Avisaíl García;Jedd Gyorko;Keston Hiura;Ryan Braun;Orlando Arcia;Daniel Vogelbach;Jacob Nottingham;Luis Urías
2022,147,0.3271972234300346,0.32464980500158785,16,Aaron Judge;Oswaldo Cabrera;Josh Donaldson;Anthony Rizzo;Harrison Bader;Giancarlo Stanton;Gleyber Torres;Isiah Kiner-Falefa;Jose Trevino
2021,119,0.3420023950638418,0.3414615949019375,15,Mookie Betts;Corey Seager;Trea Turner;Max Muncy;Justin Turner;Will Smith;Gavin Lux;AJ Pollock;Chris Taylor
2020,119,0.3485939884935826,0.34064664438678754,15,Corey Seager;Mookie Betts;Max Muncy;Cody Bellinger;AJ Pollock;Chris Taylor;Will Smith;Justin Turner;Joc Pederson
2023,110,0.32030507266723623,0.3241103746233089,15,Gunnar Henderson;Adley Rutschman;Anthony Santander;Ryan O'Hearn;Cedric Mullins;Austin Hays;Adam Frazier;Aaron Hicks;Jordan Westburg
2016,110,0.3295651461835183,0.32820557424533703,16,Adam Jones;Manny Machado;Chris Davis;Jonathan Schoop;J.J. Hardy;Mark Trumbo;Matt Wieters;Hyun Soo Kim;Michael Bourn
2026,145,0.31824049271484267,0.32239748642709537,15,Miguel Vargas;Chase Meidroth;Munetaka Murakami;Colson Montgomery;Sam Antonacci;Andrew Benintendi;Braden Montgomery;Tristan Peters;Kyle Teel
2015,119,0.32490659143145073,0.32174656340605096,17,Corey Seager;Adrián González;Howie Kendrick;Chase Utley;Andre Ethier;Carl Crawford;Joc Pederson;A.J. Ellis;Yasmani Grandal
2021,139,0.3202217778579797,0.32813405510511806,15,Randy Arozarena;Brandon Lowe;Ji Man Choi;Joey Wendle;Nelson Cruz;Yandy Díaz;Austin Meadows;Manuel Margot;Kevin Kiermaier
2020,139,0.3225557803903727,0.3245041530063524,16,Nathaniel Lowe;Brandon Lowe;Randy Arozarena;Yoshi Tsutsugo;Joey Wendle;Willy Adames;Manuel Margot;Kevin Kiermaier;Mike Brosseau
2026,112,0.32502783406728275,0.33769559909953567,14,Pete Crow-Armstrong;Alex Bregman;Seiya Suzuki;Nico Hoerner;Michael Busch;Ian Happ;Pedro Ramírez;Michael Conforto;Carson Kelly
2017,147,0.33539212879294955,0.33825465476779315,16,Aaron Judge;Starlin Castro;Didi Gregorius;Brett Gardner;Gary Sánchez;Todd Frazier;Jacoby Ellsbury;Greg Bird;Chase Headley
2024,121,0.32532256465992715,0.3245324186671305,15,Jose Iglesias;Pete Alonso;Brandon Nimmo;Mark Vientos;Tyrone Taylor;Starling Marte;Francisco Alvarez;Luisangel Acuña;J.D. Martinez
2018,112,0.32303788453206606,0.327433278468056,16,Anthony Rizzo;Javier Báez;Ben Zobrist;Daniel Murphy;Kris Bryant;Willson Contreras;Jason Heyward;Kyle Schwarber;David Bote
2020,142,0.3242919894946456,0.3218513160891466,15,Eddie Rosario;Max Kepler;Josh Donaldson;Jorge Polanco;Miguel Sanó;Marwin Gonzalez;Nelson Cruz;Byron Buxton;Jake Cave
