Team,Position,PlayerID,Player,,,,Workload
Diamondbacks,RP,666661,Juan Morillo,8,1,Diamondbacks 1,FALSE
Diamondbacks,RP,805299,Brandyn Garcia,8,2,Diamondbacks 2,TRUE
Diamondbacks,RP,642528,Jonathan Loaisiga,8,3,Diamondbacks 3,FALSE
Diamondbacks,RP,656464,Kevin Ginkel,8,4,Diamondbacks 4,FALSE
Diamondbacks,RP,623149,Paul Sewald,8,5,Diamondbacks 5,FALSE
Diamondbacks,RP,664199,Taylor Clarke,8,6,Diamondbacks 6,FALSE
Diamondbacks,RP,657044,Ryan Thompson,8,7,Diamondbacks 7,FALSE
Diamondbacks,RP,672629,Gerardo Carrillo,8,8,Diamondbacks 8,FALSE
Athletics,RP,663687,Hogan Harris,8,1,Athletics 1,FALSE
Athletics,RP,665660,Elvis Alvarado,8,2,Athletics 2,FALSE
Athletics,RP,665622,Luis Medina,8,3,Athletics 3,FALSE
Athletics,RP,660761,Jose Suarez,8,4,Athletics 4,FALSE
Athletics,RP,696522,Hayden Juenger,8,5,Athletics 5,FALSE
Athletics,RP,669620,Brady Basso,8,6,Athletics 6,FALSE
Athletics,RP,656240,Scott Blewett,8,7,Athletics 7,FALSE
Athletics,RP,806960,Luis Morales,8,8,Athletics 8,FALSE
Athletics,RP,686930,Mason Barnett,8,9,Athletics 9,FALSE
Braves,RP,628452,Raisel Iglesias,8,1,Braves 1,FALSE
Braves,RP,669276,Dylan Lee,8,2,Braves 2,FALSE
Braves,RP,800311,Didier Fuentes,8,3,Braves 3,TRUE
Braves,RP,641755,Tyler Kinley,8,4,Braves 4,FALSE
Braves,RP,689266,Dylan Dodd,8,5,Braves 5,TRUE
Braves,RP,682989,Victor Mederos,8,6,Braves 6,FALSE
Braves,RP,664849,Danny Young,8,7,Braves 7,FALSE
Braves,RP,622694,Elieser Hernandez,8,8,Braves 8,FALSE
Orioles,RP,552640,Andrew Kittredge,8,1,Orioles 1,TRUE
Orioles,RP,669330,Tyler Wells,8,2,Orioles 2,FALSE
Orioles,RP,666974,Yennier Cano,8,3,Orioles 3,FALSE
Orioles,RP,664991,Grant Wolfram,8,4,Orioles 4,FALSE
Orioles,RP,670329,Rico Garcia,8,5,Orioles 5,FALSE
Orioles,RP,689296,Anthony Nunez,8,6,Orioles 6,FALSE
Orioles,RP,677020,Josh Walker,8,7,Orioles 7,FALSE
Orioles,RP,544150,Albert Suarez,8,8,Orioles 8,TRUE
Red Sox,RP,547973,Aroldis Chapman,8,1,Red Sox 1,FALSE
Red Sox,RP,676477,Garrett Whitlock,8,2,Red Sox 2,FALSE
Red Sox,RP,686580,Justin Slaten,8,3,Red Sox 3,FALSE
Red Sox,RP,594027,Tyron Guerrero,8,4,Red Sox 4,FALSE
Red Sox,RP,669711,Greg Weissert,8,5,Red Sox 5,FALSE
Red Sox,RP,663558,Jovani Moran,8,6,Red Sox 6,FALSE
Red Sox,RP,670245,Ryan Watson,8,7,Red Sox 7,FALSE
Red Sox,RP,678394,Brayan Bello,8,8,Red Sox 8,FALSE
Cubs,RP,657097,Jacob Webb,8,1,Cubs 1,FALSE
Cubs,RP,663423,Trent Thornton,8,2,Cubs 2,TRUE
Cubs,RP,573204,Caleb Thielbar,8,3,Cubs 3,FALSE
Cubs,RP,669020,Ryan Rolison,8,4,Cubs 4,FALSE
Cubs,RP,668970,Gavin Hollowell,8,5,Cubs 5,FALSE
Cubs,RP,621053,Tyler Ferguson,8,6,Cubs 6,FALSE
Cubs,RP,663765,Jake Woodford,8,7,Cubs 7,FALSE
Cubs,RP,650644,Aaron Civale,8,8,Cubs 8,FALSE
White Sox,RP,691799,Grant Taylor,8,1,White Sox 1,FALSE
White Sox,RP,656794,Sean Newcomb,8,2,White Sox 2,FALSE
White Sox,RP,663542,Bryan Hudson,8,3,White Sox 3,FALSE
White Sox,RP,663855,Jordan Hicks,8,4,White Sox 4,TRUE
White Sox,RP,622554,Seranthony Dominguez,8,5,White Sox 5,FALSE
White Sox,RP,670950,Trevor Richards,8,6,White Sox 6,TRUE
White Sox,RP,669684,Chris Murphy,8,7,White Sox 7,TRUE
White Sox,RP,805326,Tyler Schweitzer,8,8,White Sox 8,FALSE
Reds,RP,641941,Emilio Pagan,8,1,Reds 1,FALSE
Reds,RP,622088,Tejay Antone,8,2,Reds 2,FALSE
Reds,RP,656271,Brock Burke,8,3,Reds 3,FALSE
Reds,RP,657571,Caleb Ferguson,8,4,Reds 4,FALSE
Reds,RP,572955,Pierce Johnson,8,5,Reds 5,TRUE
Reds,RP,594580,Sam Moll,8,6,Reds 6,FALSE
Reds,RP,695534,Chase Petty,8,7,Reds 7,TRUE
Reds,RP,670062,Julian Garcia,8,8,Reds 8,TRUE
Guardians,RP,671922,Cade Smith,8,1,Guardians 1,TRUE
Guardians,RP,683769,Hunter Gaddis,8,2,Guardians 2,TRUE
Guardians,RP,670059,Colin Holderman,8,3,Guardians 3,TRUE
Guardians,RP,682120,Tim Herrin,8,4,Guardians 4,FALSE
Guardians,RP,681870,Erik Sabrowski,8,5,Guardians 5,FALSE
Guardians,RP,680916,Franco Aleman,8,6,Guardians 6,TRUE
Guardians,RP,670036,Matt Festa,8,7,Guardians 7,FALSE
Guardians,RP,702021,Will Dion,8,8,Guardians 8,FALSE
Rockies,RP,605447,Jordan Romano,8,1,Rockies 1,FALSE
Rockies,RP,622608,Antonio Senzatela,8,2,Rockies 2,FALSE
Rockies,RP,675848,Juan Mejia,8,3,Rockies 3,FALSE
Rockies,RP,657514,Brennan Bernardino,8,4,Rockies 4,TRUE
Rockies,RP,680767,Victor Vodnik,8,5,Rockies 5,FALSE
Rockies,RP,623474,Jimmy Herget,8,6,Rockies 6,FALSE
Rockies,RP,688642,Zach Agnos,8,7,Rockies 7,FALSE
Rockies,RP,685299,Tanner Gordon,8,8,Rockies 8,FALSE
Tigers,RP,445276,Kenley Jansen,8,1,Tigers 1,FALSE
Tigers,RP,640448,Kyle Finnegan,8,2,Tigers 2,FALSE
Tigers,RP,663947,Tyler Holton,8,3,Tigers 3,FALSE
Tigers,RP,623454,Drew Anderson,8,4,Tigers 4,FALSE
Tigers,RP,805427,Drew Sommers,8,5,Tigers 5,FALSE
Tigers,RP,621097,Jacob Waguespack,8,6,Tigers 6,TRUE
Tigers,RP,669724,Brenan Hanifee,8,7,Tigers 7,TRUE
Tigers,RP,680744,Ty Madden,8,8,Tigers 8,TRUE
Astros,RP,623352,Josh Hader,8,1,Astros 1,FALSE
Astros,RP,595345,Steven Okert,8,2,Astros 2,TRUE
Astros,RP,650556,Bryan Abreu,8,3,Astros 3,TRUE
Astros,RP,660853,Enyel De Los Santos,8,4,Astros 4,FALSE
Astros,RP,656986,Bennett Sousa,8,5,Astros 5,FALSE
Astros,RP,687911,Bryan King,8,6,Astros 6,FALSE
Astros,RP,805123,AJ Blubaugh,8,7,Astros 7,FALSE
Astros,RP,664299,Cristian Javier,8,8,Astros 8,FALSE
Royals,RP,656638,Alex Lange,8,1,Royals 1,FALSE
Royals,RP,663738,Daniel Lynch,8,2,Royals 2,FALSE
Royals,RP,674444,Steven Cruz,8,3,Royals 3,TRUE
Royals,RP,670167,John Schreiber,8,4,Royals 4,FALSE
Royals,RP,621381,Matt Strahm,8,5,Royals 5,FALSE
Royals,RP,668674,Lucas Erceg,8,6,Royals 6,FALSE
Royals,RP,663878,Nate Pearson,8,7,Royals 7,FALSE
Royals,RP,668834,Easton McGee,8,8,Royals 8,FALSE
Angels,RP,666171,Ryan Zeferjahn,8,1,Angels 1,FALSE
Angels,RP,696147,Sam Bachman,8,2,Angels 2,FALSE
Angels,RP,489446,Kirby Yates,8,3,Angels 3,TRUE
Angels,RP,696519,Samy Natera,8,4,Angels 4,FALSE
Angels,RP,608718,Brent Suter,8,5,Angels 5,TRUE
Angels,RP,820862,Jose Fermin,8,6,Angels 6,FALSE
Angels,RP,815083,Mitch Farris,8,7,Angels 7,TRUE
Dodgers,RP,621242,Edwin Diaz,8,1,Dodgers 1,FALSE
Dodgers,RP,656945,Tanner Scott,8,2,Dodgers 2,FALSE
Dodgers,RP,623465,Evan Phillips,8,3,Dodgers 3,FALSE
Dodgers,RP,681911,Alex Vesia,8,4,Dodgers 4,TRUE
Dodgers,RP,592779,Brock Stewart,8,5,Dodgers 5,FALSE
Dodgers,RP,694361,Will Klein,8,6,Dodgers 6,FALSE
Dodgers,RP,683618,Edgardo Henriquez,8,7,Dodgers 7,FALSE
Dodgers,RP,676263,Jack Dreyer,8,8,Dodgers 8,FALSE
Marlins,RP,664126,Pete Fairbanks,8,1,Marlins 1,TRUE
Marlins,RP,676534,Calvin Faucher,8,2,Marlins 2,FALSE
Marlins,RP,656848,Michael Petersen,8,3,Marlins 3,FALSE
Marlins,RP,667463,John King,8,4,Marlins 4,FALSE
Marlins,RP,806188,Cade Gibson,8,5,Marlins 5,FALSE
Marlins,RP,669199,Lake Bachar,8,6,Marlins 6,FALSE
Marlins,RP,676604,Tyler Zuber,8,7,Marlins 7,TRUE
Marlins,RP,690978,Dax Fulton,8,8,Marlins 8,TRUE
Brewers,RP,656730,Trevor Megill,8,1,Brewers 1,FALSE
Brewers,RP,682842,Abner Uribe,8,2,Brewers 2,FALSE
Brewers,RP,676879,Aaron Ashby,8,3,Brewers 3,TRUE
Brewers,RP,681982,Grant Anderson,8,4,Brewers 4,FALSE
Brewers,RP,694477,Chad Patrick,8,5,Brewers 5,TRUE
Brewers,RP,684974,Craig Yoho,8,6,Brewers 6,FALSE
Brewers,RP,669060,Bryse Wilson,8,7,Brewers 7,TRUE
Twins,RP,672782,Yoendrys Gomez,8,1,Twins 1,FALSE
Twins,RP,702193,Andrew Morris,8,2,Twins 2,FALSE
Twins,RP,667297,Tommy Nance,8,3,Twins 3,FALSE
Twins,RP,701519,Travis Adams,8,4,Twins 4,FALSE
Twins,RP,573124,Taylor Rogers,8,5,Twins 5,FALSE
Twins,RP,681892,Kody Funderburk,8,6,Twins 6,FALSE
Twins,RP,681252,Jack Anderson,8,7,Twins 7,FALSE
Twins,RP,696070,Kendry Rojas,8,8,Twins 8,FALSE
Mets,RP,642207,Devin Williams,8,1,Mets 1,FALSE
Mets,RP,596133,Luke Weaver,8,2,Mets 2,FALSE
Mets,RP,548384,Brooks Raley,8,3,Mets 3,FALSE
Mets,RP,623211,Huascar Brazoban,8,4,Mets 4,FALSE
Mets,RP,621345,A.J. Minter,8,5,Mets 5,FALSE
Mets,RP,672335,Cionel Perez,8,6,Mets 6,FALSE
Mets,RP,650960,Daniel Duarte,8,7,Mets 7,TRUE
Mets,RP,673540,Kodai Senga,8,8,Mets 8,FALSE
Yankees,RP,670280,David Bednar,8,1,Yankees 1,FALSE
Yankees,RP,518585,Fernando Cruz,8,2,Yankees 2,FALSE
Yankees,RP,687396,Brent Headrick,8,3,Yankees 3,FALSE
Yankees,RP,621112,Paul Blackburn,8,4,Yankees 4,TRUE
Yankees,RP,657612,Tim Hill,8,5,Yankees 5,TRUE
Yankees,RP,683409,Angel Chivilli,8,6,Yankees 6,FALSE
Yankees,RP,666808,Camilo Doval,8,7,Yankees 7,TRUE
Yankees,RP,642232,Ryan Yarbrough,8,8,Yankees 8,FALSE
Phillies,RP,661395,Jhoan Duran,8,1,Phillies 1,FALSE
Phillies,RP,689147,Orion Kerkering,8,2,Phillies 2,FALSE
Phillies,RP,680742,Jonathan Bowlan,8,3,Phillies 3,FALSE
Phillies,RP,621237,Jose Alvarado,8,4,Phillies 4,FALSE
Phillies,RP,641835,Tim Mayza,8,5,Phillies 5,FALSE
Phillies,RP,663767,Chase Shugart,8,6,Phillies 6,FALSE
Phillies,RP,679775,Kyle Backhus,8,7,Phillies 7,FALSE
Phillies,RP,686751,Seth Johnson,8,8,Phillies 8,FALSE
Phillies,RP,662144,Brian Keller,8,9,Phillies 9,FALSE
Pirates,RP,642397,Gregory Soto,8,1,Pirates 1,FALSE
Pirates,RP,682254,Mason Montgomery,8,2,Pirates 2,FALSE
Pirates,RP,670990,Yohan Ramirez,8,3,Pirates 3,FALSE
Pirates,RP,669387,Carmen Mlodzinski,8,4,Pirates 4,TRUE
Pirates,RP,696062,Wilber Dotel,8,5,Pirates 5,FALSE
Pirates,RP,676760,Ron Marinaccio,8,6,Pirates 6,TRUE
Pirates,RP,682995,Hunter Barco,8,7,Pirates 7,FALSE
Pirates,RP,668716,Noah Murdock,8,8,Pirates 8,FALSE
Wings,RP,687606,Paxton Schultz,8,1,Wings 1,FALSE
Padres,RP,695243,Mason Miller,8,1,Padres 1,TRUE
Padres,RP,670970,Adrian Morejon,8,2,Padres 2,FALSE
Padres,RP,669093,Jeremiah Estrada,8,3,Padres 3,FALSE
Padres,RP,673513,Yuki Matsui,8,4,Padres 4,FALSE
Padres,RP,699134,Bradgley Rodriguez,8,5,Padres 5,TRUE
Padres,RP,606996,Kyle Hart,8,6,Padres 6,FALSE
Padres,RP,593974,Wandy Peralta,8,7,Padres 7,FALSE
Padres,RP,681190,Randy Vasquez,8,8,Padres 8,FALSE
Giants,RP,669062,Erik Miller,8,1,Giants 1,FALSE
Giants,RP,668873,Caleb Kilian,8,2,Giants 2,FALSE
Giants,RP,681916,Dylan Smith,8,3,Giants 3,FALSE
Giants,RP,676775,Keaton Winn,8,4,Giants 4,TRUE
Giants,RP,656529,Sam Hentges,8,5,Giants 5,FALSE
Giants,RP,664141,JT Brubaker,8,6,Giants 6,FALSE
Giants,RP,671345,Jason Foley,8,7,Giants 7,FALSE
Giants,RP,605288,Adrian Houser,8,8,Giants 8,FALSE
Mariners,RP,662253,Andres Munoz,8,1,Mariners 1,FALSE
Mariners,RP,678606,Jose A. Ferrer,8,2,Mariners 2,FALSE
Mariners,RP,660825,Eduard Bazardo,8,3,Mariners 3,FALSE
Mariners,RP,642100,Gabe Speier,8,4,Mariners 4,FALSE
Mariners,RP,677961,Cole Wilcox,8,5,Mariners 5,TRUE
Mariners,RP,695380,Alex Hoppe,8,6,Mariners 6,FALSE
Mariners,RP,621074,Michael Rucker,8,7,Mariners 7,FALSE
Cardinals,RP,676617,Riley O'Brien,8,1,Cardinals 1,FALSE
Cardinals,RP,666277,George Soriano,8,2,Cardinals 2,FALSE
Cardinals,RP,592773,Ryne Stanek,8,3,Cardinals 3,FALSE
Cardinals,RP,700669,Gordon Graceffo,8,4,Cardinals 4,TRUE
Cardinals,RP,677865,Justin Bruihl,8,5,Cardinals 5,TRUE
Cardinals,RP,703725,Luis Gastelum,8,6,Cardinals 6,FALSE
Cardinals,RP,694335,Matt Svanson,8,7,Cardinals 7,FALSE
Cardinals,RP,657265,Peter Strzelecki,8,8,Cardinals 8,FALSE
Rays,RP,641329,Bryan Baker,8,1,Rays 1,TRUE
Rays,RP,687330,Kevin Kelly,8,2,Rays 2,FALSE
Rays,RP,664076,Garrett Cleavinger,8,3,Rays 3,FALSE
Rays,RP,668984,Casey Legumina,8,4,Rays 4,FALSE
Rays,RP,592155,Cam Booser,8,5,Rays 5,FALSE
Rays,RP,518886,Craig Kimbrel,8,6,Rays 6,FALSE
Rays,RP,571927,Steven Matz,8,7,Rays 7,FALSE
Rays,RP,688297,Chris Roycroft,8,8,Rays 8,FALSE
Rangers,RP,656641,Jacob Latz,8,1,Rangers 1,FALSE
Rangers,RP,596001,Jakob Junis,8,2,Rangers 2,FALSE
Rangers,RP,682608,Peyton Gray,8,3,Rangers 3,FALSE
Rangers,RP,668390,Cole Winn,8,4,Rangers 4,FALSE
Rangers,RP,641302,Tyler Alexander,8,5,Rangers 5,FALSE
Rangers,RP,695239,Robby Ahlstrom,8,6,Rangers 6,FALSE
Rangers,RP,687239,Ben Peoples,8,7,Rangers 7,FALSE
Rangers,RP,594835,Marco Gonzales,8,8,Rangers 8,FALSE
Blue Jays,RP,686973,Louis Varland,8,1,Blue Jays 1,FALSE
Blue Jays,RP,643511,Tyler Rogers,8,2,Blue Jays 2,FALSE
Blue Jays,RP,656546,Jeff Hoffman,8,3,Blue Jays 3,FALSE
Blue Jays,RP,693686,Spencer Miles,8,4,Blue Jays 4,FALSE
Blue Jays,RP,689254,Mason Fluharty,8,5,Blue Jays 5,FALSE
Blue Jays,RP,671936,Adam Macko,8,6,Blue Jays 6,FALSE
Blue Jays,RP,663893,Brendon Little,8,7,Blue Jays 7,FALSE
Blue Jays,RP,689149,Chad Dallas,8,8,Blue Jays 8,FALSE
Nationals,RP,690925,Clayton Beeter,8,1,Nationals 1,FALSE
Nationals,RP,687377,Orlando Ribalta,8,2,Nationals 2,TRUE
Nationals,RP,676680,Tom Cosgrove,8,3,Nationals 3,FALSE
Nationals,RP,678868,Eddy Yean,8,4,Nationals 4,FALSE
Nationals,RP,683000,Riley Cornelio,8,5,Nationals 5,FALSE
Nationals,RP,668820,Max Kranick,8,6,Nationals 6,FALSE
Nationals,RP,687223,Carson Palmquist,8,7,Nationals 7,FALSE
Nationals,RP,592866,Trevor Williams,8,8,Nationals 8,FALSE
