name,fld,bsr
Bobby Witt,0.1226949,0.03115713
Aaron Judge,0.0185915,-0.0055333
Yordan Alvarez,-0.0113271,-0.0042092
Pete Crow-Armstrong,0.13046943,0.00831688
Shohei Ohtani,0.0,0.00821839
Elly De La Cruz,0.04309159,0.00786715
Corbin Carroll,0.03741791,0.01721647
James Wood,-0.0144906,0.00834682
Brice Turang,0.01427928,0.01580869
Jose Ramirez,0.04063879,0.03608713
Ben Rice,-0.0068823,-0.0014
Shea Langeliers,-0.0133892,-0.0037055
Cody Bellinger,0.06962632,-0.0006019
Andy Pages,0.04766878,-0.0026844
Matt Olson,0.05426904,-0.001107
Michael Harris,0.05483171,0.00349808
Juan Soto,-0.0275585,0.00720108
Nick Kurtz,-0.0166479,0.00036809
Adley Rutschman,0.0541012,-0.0089441
JJ Wetherholt,0.08778759,0.01338212
CJ Abrams,-0.0596726,0.00699853
William Contreras,0.02954822,-0.0068549
Xavier Edwards,0.0240473,0.00889236
Julio Rodriguez,-0.0218199,0.00727057
Fernando Tatis,0.08635714,0.0039
Colson Montgomery,0.08130278,-0.0064695
Kevin McGonigle,0.01029828,0.01144789
Mike Trout,-0.0255609,0.00467704
Drake Baldwin,-0.0077272,-0.0084163
Gunnar Henderson,0.00408964,0.00238452
Junior Caminero,-0.0839745,-0.0103259
Max Muncy,0.04023633,-0.0036281
Otto Lopez,0.01276415,0.00296713
Byron Buxton,0.0125663,0.01604913
Luis Arraez,0.01630131,0.0035684
Ceddanne Rafaela,0.08731118,-0.0044753
Riley Greene,-0.00148,-0.0085497
Willson Contreras,0.0222863,-0.0067396
Yandy Diaz,0.0,-0.0048025
Freddie Freeman,0.01654544,0.00021229
Kyle Schwarber,-0.0095024,-0.0026029
Miguel Vargas,-0.0325585,0.00855403
Dillon Dingler,0.05705806,-0.0052328
Randy Arozarena,-0.024741,0.02454815
Ian Happ,0.02921609,-0.0007871
Nico Hoerner,0.06884103,0.01561846
Pete Alonso,0.02089796,-0.0018375
Oneil Cruz,-0.049658,0.03080773
Munetaka Murakami,-0.0007696,-0.0163635
Brandon Lowe,0.01478588,-0.0042463
Michael Busch,0.04656701,-0.0018826
Ketel Marte,0.02040084,-0.0032525
Vladimir Guerrero,0.00726226,-0.0008576
Zach Neto,-0.0508254,-0.00589
Geraldo Perdomo,0.01264412,0.00401869
Brayan Rocchio,0.01424441,-0.0004255
Francisco Lindor,0.05086379,0.00761095
Ronald Acuna,-0.0571171,0.01011699
Wilyer Abreu,0.0779695,-0.00107
Josh Jung,-0.0048287,-0.006727
Maikel Garcia,0.06930403,-0.002746
Ryan Jeffers,-0.0291854,-0.0029988
Will Smith,0.00284719,-0.0057572
Ivan Herrera,-0.0166809,-1.94e-05
Kazuma Okamoto,0.0033949,-0.00583
Ernie Clement,0.00519366,-0.0010615
Sal Stewart,0.02498947,0.0103
Jordan Walker,-0.0232795,0.00183365
Jonathan Aranda,0.0106618,-0.0070206
Isaac Paredes,-0.0053627,-0.0068382
Kyle Tucker,-0.0036617,0.01048911
Seiya Suzuki,0.03630097,-0.0063296
Ozzie Albies,0.013065,-0.0122141
Matt Chapman,0.01859405,-0.0070591
Cal Raleigh,0.06392128,-0.0031034
Jeremy Pena,0.01420461,0.00372035
Jackson Chourio,0.03540685,0.01382072
Jazz Chisholm,0.00101584,0.02236166
Dansby Swanson,0.07393775,0.00894841
Xander Bogaerts,0.02542352,0.01404545
Brandon Marsh,0.00033986,-0.0006842
Jarren Duran,0.0655296,0.02392353
Alex Bregman,0.03079517,-0.0063106
Bryce Harper,-0.0427637,-0.002118
Taylor Ward,-0.0153851,-0.0099423
Christian Walker,0.03174409,-0.0040108
Wyatt Langford,0.07814816,0.0125
Alec Burleson,0.00301532,-7.12e-05
Spencer Horwitz,0.02197129,-0.0041302
Masyn Winn,0.04841972,0.00178511
Konnor Griffin,-0.011806,0.02724238
Brandon Nimmo,0.03116347,-0.00209
Jung Hoo Lee,0.0073989,-0.0052189
Daulton Varsho,0.01520043,0.00393604
Gleyber Torres,0.00177098,-0.0070432
J.P. Crawford,-0.0682558,-0.0140307
Chase Meidroth,-0.0057704,-0.0032618
Nick Gonzales,0.01450684,-0.0103402
Gabriel Moreno,0.05460485,-0.0035023
Nolan Arenado,0.02435324,-0.0021671
Jacob Wilson,0.02901243,0.00019768
Willy Adames,-0.0595538,-0.0069419
Trent Grisham,-0.0254918,-0.0002664
Trea Turner,0.00257099,0.02496168
Carlos Correa,-0.0049539,-0.0032228
Hunter Goodman,-0.0206337,-0.0032867
Teoscar Hernandez,0.00456322,0.0001978
Bryan Reynolds,-0.0311152,0.00286185
Andres Gimenez,0.06561186,0.00801372
Corey Seager,-0.000287,-0.000917
Paul Goldschmidt,0.02189158,-2.73e-05
Cole Young,0.01515656,-0.0133378
Jacob Young,0.08307862,0.00280365
Ezequiel Duran,0.00695084,0.00555728
Samuel Basallo,-0.0313018,-0.0051518
Oswald Peraza,0.0201455,0.01213366
Mookie Betts,0.00692445,-0.0114394
Bo Bichette,0.01329709,-0.005107
Mauricio Dubon,0.05360275,-0.0088504
Alejandro Kirk,0.10700231,-0.0037525
Luis Campusano,-0.0128253,-0.00328
Brendan Donovan,-0.0446911,-0.0109508
Zack Gelof,0.02651229,0.01063737
Brandon Valenzuela,0.03395944,-0.0017396
Jackson Merrill,0.01589313,0.01013748
Bryson Stott,0.03790381,0.02334592
Matt McLain,0.02939628,0.00662997
Liam Hicks,-0.0059643,-0.0021375
Casey Schmitt,-0.0223116,0.00299062
Mickey Moniak,0.01111328,-0.0016467
Tristan Peters,0.02361601,-0.0073181
Manny Machado,0.03110414,-0.0033276
J.T. Realmuto,0.02541765,0.0029177
Spencer Steer,-0.0155569,0.00373296
Jake Bauers,-0.054759,0.00638119
Ryan O'Hearn,-0.0209337,-0.0027192
Travis Bazzana,-0.0254093,0.01044523
Dalton Rushing,-0.0141462,-0.0035545
Ty France,0.05820793,-0.005784
Carson Kelly,-0.010495,-0.003631
Roman Anthony,0.04254226,-0.00249
JJ Bleday,-0.0387004,-0.00593
Henry Bolte,0.035674,0.01161144
Leody Taveras,-0.0221324,0.01396123
Jose Caballero,-0.0041653,0.015031
Ryan Waldschmidt,0.0743412,0.00292804
Daniel Schneemann,0.04866951,-0.0023962
Steven Kwan,0.01970216,-0.0004896
Evan Carter,0.02572797,0.0207
Francisco Alvarez,-0.0226575,-0.0035138
Josh Naylor,-0.0089795,0.0175
Kody Clemens,0.03497789,0.000431
Anthony Volpe,0.02275521,0.01165766
Sam Antonacci,-0.0243813,0.0030645
Austin Riley,-0.0279621,0.00250393
Jakob Marsee,0.00343467,-0.0019303
Tyler Soderstrom,-0.0172016,-0.0065221
Cam Smith,0.0681,0.00796959
Ben Williamson,0.00729129,0.00550787
Trevor Larnach,0.00669776,-0.0059861
Alex Freeland,0.02316681,0.00177029
Jake McCarthy,0.01126145,0.01865519
Nathan Lukes,0.05366533,-0.01311
Luke Raley,-0.0425755,-0.0037231
Mike Yastrzemski,0.03500014,-0.0023719
Colt Emerson,0.00741911,-0.0062284
Curtis Mead,-0.0195087,-0.0065467
Rafael Devers,-0.0123634,-0.0046987
Keibert Ruiz,-0.0147128,-0.0063419
Esteury Ruiz,0.00966206,0.0384797
Kyle Manzardo,0.01246819,-0.0031483
Colton Cowser,0.01921869,-0.0013668
Jose Altuve,-0.0580046,-0.0103495
Tyler Stephenson,0.02986618,-0.0104744
Daylen Lile,0.02147427,-0.0060113
Luis Torrens,0.06152021,-0.0042653
Carlos Narvaez,0.04847596,-0.0017736
Ryan Vilade,0.03030028,0.00031174
Carlos Cortes,-0.0409429,-0.0036573
Christian Yelich,0.00044761,0.01092927
Jackson Holliday,-0.0102228,0.00096113
Michael Massey,0.03015746,-0.0012367
Heliot Ramos,-0.0144971,-0.0049823
Jake Mangum,0.04085429,0.01977188
Jac Caglianone,-0.026106,-0.00366
Dominic Canzone,-0.0081825,-0.0057971
Joey Ortiz,0.04413715,-0.0063964
Kyle Karros,0.04415913,0.0015438
Angel Martinez,0.04560169,0.00539089
Luis Robert,0.01758563,0.00016373
Lars Nootbaar,0.03440412,-0.0068762
Ryan McMahon,0.03661534,-0.000386
Endy Rodriguez,0.00798307,-4.53e-05
Carson Benge,0.0152461,0.0095
Pedro Pages,0.05506971,0.00257153
Austin Martin,0.02634106,-0.0075999
Darell Hernaiz,0.01857615,0.00269669
Daniel Susac,0.02570099,-0.0114978
Blake Dunn,0.02377989,0.01046791
Jorge Mateo,0.01297656,0.02322708
Ramon Laureano,0.01526318,0.00238862
Blaze Alexander,-0.0130228,0.000283
Spencer Torkelson,-0.0187388,-0.0069472
Michael Stefanic,0.05310839,-0.0133601
Brent Rooker,-0.0005,0.00268597
Joe Mack,0.04888411,-0.0022978
TJ Rumfield,0.0292407,-0.0056775
Kyle Higashioka,-0.0041457,-0.0039796
Austin Wells,-0.006492,-0.0019989
Alex Call,0.02444908,-0.0094009
Adolis Garcia,0.05656932,0.00280702
Kyle Isbel,0.03241692,0.00622176
A.J. Ewing,0.011557,0.0188
Jordan Lawlar,0.03989554,0.01291538
Patrick Bailey,0.10712368,0.00296097
Miguel Rojas,0.07169922,-0.0053925
Nathaniel Lowe,-0.0109537,-0.0052776
Troy Johnston,-0.0058541,-0.0028748
Andrew Vaughn,-0.0218541,-0.004959
David Hamilton,-0.0189758,0.02386566
Brett Baty,0.00167459,-0.0027093
Carter Jensen,-0.0051634,-0.0007423
Joey Wiemer,0.02375062,0.00249697
Parker Meadows,0.03898634,0.01552423
Marcus Semien,-0.0096943,-0.0007648
Garrett Mitchell,-0.0132885,-0.0114073
Jace Jung,0.01966409,-0.0067351
Javier Sanoja,0.00950481,-0.0058454
Caleb Durbin,0.03985051,0.0037599
Jhonny Pereda,-0.0050734,-0.0034669
Danny Jansen,0.00169983,-0.0066999
Joey Loperfido,0.02922,-0.0048024
Max Muncy,0.00185274,-0.0070859
Joc Pederson,-0.0053864,-0.0043679
Coby Mayo,-0.0073225,-0.0018403
Yainer Diaz,-0.0269164,-0.010679
Ildemaro Vargas,0.02706165,-0.0016077
Luke Keaschall,-0.0352978,0.00937213
Gabriel Arias,0.03690542,-0.0050309
Miguel Amaya,-0.0122,-0.004306
Jared Young,-0.0016539,-0.00342
Ryan Ward,0.04701535,-0.0031581
Brooks Lee,-0.0615107,-0.0027532
Jesus Sanchez,-0.0302595,-0.0021085
Christian Vazquez,0.00920966,-0.0049712
Jimmy Crooks,0.025426,-0.0032882
Chandler Simpson,0.04936986,0.00931842
Vaughn Grissom,-0.0251184,-0.0008367
Jonny DeLuca,0.04021535,0.00748069
Matt Shaw,0.00366751,0.00503244
Ryan Ritter,0.03303635,-0.0019039
Dane Myers,-0.0228503,0.00764418
Brandon Lockridge,0.02153682,0.02659591
Austin Hedges,0.05068432,-0.0076512
Jake Meyers,0.04811828,-0.0091853
Nolan Schanuel,0.01207954,-0.0070284
Kyle Stowers,0.01773063,-0.0060993
Alec Bohm,-0.0224399,-0.00424
Gavin Sheets,-0.0415513,0.00082512
Samad Taylor,-0.0131177,0.01485232
Tristan Gray,-0.0105684,0.00041836
Dominic Smith,0.00866724,-0.0020099
Jose Siri,0.08308288,-0.0051325
Andres Chaparro,0.05148865,-0.0017582
Isiah Kiner-Falefa,0.0317,0.00549578
Chase DeLauter,-0.0189817,-0.0064029
Sean Murphy,0.0526024,-0.0042186
Justin Foscue,0.00809234,-0.0032041
Taylor Walls,0.014662,0.0051613
Taylor Trammell,-0.028834,0.00271147
Colby Thomas,0.00240556,-0.00953
Wade Meckler,-0.0282503,0.0035348
Gabriel Gonzalez,-0.0043183,-0.007176
Eric Haase,-0.0065804,-0.0014235
Jeff McNeil,-0.0397386,-0.0095428
Bryan Torres,-0.0540476,0.00146827
Sal Frelick,0.02767048,0.00089667
Rodolfo Duran,0.0464,-0.0006163
Griffin Conine,0.0356,0.00251048
Jake Burger,0.00401285,-0.0028839
Sung-Mun Song,0.00946434,0.00161214
Jonah Heim,0.0098609,-0.0015478
Rhys Hoskins,-0.0383617,-0.004864
Dylan Beavers,-0.044082,0.00146313
Brice Matthews,0.02095944,-0.0028231
Lane Thomas,-0.017149,-0.0086032
Justin Crawford,-0.040427,0.01169622
Connor Wong,-0.0411896,-0.0021195
Jasson Dominguez,-0.0098807,0.01550957
Hyeseong Kim,-0.0048246,0.0208
Jake Rogers,0.0649194,0.00081242
Joey Bart,-0.0096397,-0.0056897
Connor Norby,0.03615542,-0.0024185
Dylan Crews,0.05296403,0.00877843
Jesus Rodriguez,-0.0578766,-0.0084072
J.C. Escarra,0.02046595,-0.0038623
Charles McAdoo,-0.0009466,0.00864621
Kerry Carpenter,-0.0586323,-0.0055581
Will Benson,-0.0004427,-0.0036093
Addison Barger,0.04270095,-0.0042218
Jeremiah Jackson,-0.0117187,-0.0073442
Nick Sogard,-0.0039178,-0.0017983
Pedro Ramirez,0.05430427,-0.0029284
Jorbit Vivas,0.00881274,-0.0093783
Spencer Jones,-0.0331845,0.00929055
Drew Romo,-0.0099182,-0.0014747
Nolan Gorman,0.01352214,-0.0075661
Vinnie Pasquantino,-0.00391,-0.0004029
Victor Caratini,-0.0110043,-0.004184
Brett Harris,0.04139745,-0.003302
Luis Garcia,-0.0115667,-0.002239
Ezequiel Tovar,0.02460855,0.00249622
Jeferson Quero,0.0185871,-0.0003269
Colt Keith,-0.0098661,-0.0008114
Willi Castro,-0.0243952,-0.0109177
Sam Huff,0.02687,-0.0039521
Dustin Harris,-0.0109667,0.01995115
Hunter Feduccia,-0.0519777,-0.00334
Jonathan India,-0.0665847,-0.0079267
Richie Palacios,-0.0318279,-0.0027714
Agustin Ramirez,-0.0574313,0.0047441
Everson Pereira,-0.0113961,0.00266169
Eugenio Suarez,-0.0060278,-0.003897
Cedric Mullins,0.01276889,0.00376801
Gary Sanchez,-0.0465634,-0.00443
Jake Cronenworth,-0.0168855,-0.00272
Tyler Black,-0.0226841,0.00805808
Mitch Garver,-0.0286405,-0.0021766
Bryce Eldridge,-0.0073841,-0.0056151
Travis d'Arnaud,0.02589642,-0.0036117
Ryan Kreidler,-0.0036817,-0.0138872
Ronny Mauricio,0.01424394,0.00396178
Josh Smith,-0.0475741,-0.0029086
Alex Jackson,0.00790774,-0.0013953
Oliver Dunn,0.04860944,0.00542747
Tyler Tolbert,0.03872848,0.0347419
Tyler Freeman,0.00292885,-0.0021192
Derek Hill,0.01630505,-0.0049936
Jose Fermin,-0.0122983,0.00352455
Jonah Cox,0.01867288,0.02415455
Nick Allen,0.03745593,-0.0020527
Jose Azocar,0.02424905,0.00784
Brady House,-0.0213202,-0.0030351
CJ Kayfus,-0.0329949,-0.003428
Shay Whitcomb,0.01570468,0.00343258
Max Schuemann,-0.0269844,-0.0044619
George Springer,0.0,-0.0016038
Michael Conforto,-0.0309,-0.0005053
Leo Rivas,0.01647272,0.01023049
Mickey Gasper,-0.0266983,-0.0087868
Davis Schneider,0.00327614,0.00019776
Jared Triolo,0.0148152,0.00163031
Nick Fortes,0.00252285,-0.00365
Johnathan Rodriguez,-0.0282564,-0.0077141
Ryan Bliss,0.04717875,-0.0056444
Jared Oliva,0.05655554,0.03557589
Logan O'Hoppe,-0.0472842,-0.0053721
Ryan Mountcastle,0.00256441,0.00019329
Victor Robles,0.04698385,0.00319
Brenton Doyle,0.03631083,0.01603149
Victor Mesa,0.0559677,-0.0032039
Nathan Church,0.00368823,-0.000858
Alek Thomas,0.01995564,0.00821
Alejandro Osuna,-0.0340711,-0.00392
Masataka Yoshida,-0.0203488,0.00106561
Trevor Story,-0.0291628,0.019111
Nick Madrigal,0.06709468,-0.0120076
Zack Short,0.00819422,-0.0063591
Giancarlo Stanton,0.0,-0.0006521
Tyler Callihan,-0.0002553,0.00988232
Bo Naylor,-0.0043136,-0.004464
LaMonte Wade,-0.0058297,0.00064978
Victor Scott,0.02946116,0.01048932
Eli White,0.03304688,0.01126458
Amed Rosario,-0.0717639,5.52e-05
LuJames Groover,-0.0031328,-0.0087986
Cody Freeman,-0.0134714,-0.0046703
Weston Wilson,-0.0378374,-0.0018994
Myles Straw,0.02783763,0.0035087
Hao-Yu Lee,-0.0125298,0.00134742
Royce Lewis,-0.0138684,0.01044482
James Outman,0.00014757,0.00406646
Jorge Barrosa,0.06843188,-0.0050593
Buddy Kennedy,0.03708083,-0.0065682
Harrison Bader,0.00674387,-0.0025995
Jake Fraley,-0.0099755,0.01088838
Moises Ballesteros,-0.0019179,-0.0059874
Heriberto Hernandez,-0.0275909,-0.0005696
Esmerlyn Valdez,-0.019881,-0.0075875
Drew Millas,-0.0178724,-0.0008757
Bryce Teodosio,0.07290368,0.01414632
Logan Porter,-0.0118572,-0.002756
Donovan Walton,0.01640186,-0.0060795
Isaac Collins,-0.0227233,-0.0099493
Edmundo Sosa,0.02770344,0.0048009
Starling Marte,0.02219597,-0.0043501
Elias Diaz,-0.0411464,-0.0031349
David Fry,-0.0201,-0.0017339
Ramon Urias,-0.017365,-0.0067605
Denzel Clarke,0.046415,0.01198041
Christian Koss,0.03782696,-0.0035018
Will Wilson,0.04933268,-0.0040814
Drew Gilbert,-0.0334461,-0.0048341
Josh Rojas,-0.0033546,0.00283678
Tyler Heineman,0.07462296,-0.0018367
Cesar Salazar,0.00522479,-0.0044498
Tanner Murray,0.03746844,-0.005352
Henry Davis,-0.0185021,-0.0002371
Orlando Arcia,0.01188658,-0.0127338
Enrique Hernandez,-0.0369046,-0.0055206
Zach Cole,0.01024447,0.00189253
Matt Vierling,-0.0418442,-0.0077579
Eric Wagaman,0.00014559,-0.00572
Yohendrick Pinango,-0.0237467,-0.0027494
Michael Helman,0.01246952,0.00689784
Vidal Brujan,0.04873491,-0.0173279
Bryce Johnson,0.03054429,0.00991409
Maverick Handley,0.02505459,-0.0071812
Dylan Carlson,0.01523852,-0.0043032
Alika Williams,0.04953735,-0.0132936
Jacob Gonzalez,0.00884531,0.0005447
Stuart Fairchild,0.00898396,0.00944498
Steward Berroa,0.07952926,0.01435381
Luis Matos,0.0199831,0.00552
Tommy Troy,-0.0008122,-0.0004956
Sam Haggerty,0.02356011,0.01300301
Daniel Johnson,0.0182769,-0.0011245
Connor Joe,-0.0040131,0.00086738
Austin Hays,-0.0265374,-0.0064762
Matt Wallner,-0.054646,-0.009095
P.J. Higgins,-0.0041404,-0.007137
Braden Shewmake,-0.0049923,0.00533512
Edwin Arroyo,-0.0074992,-0.0096917
Owen Caissie,-0.0561174,0.0010106
Rikuu Nishida,0.0586,0.00026484
Lourdes Gurriel,-0.0243641,0.00084149
Carson Williams,0.00605589,-0.0042763
Jose Trevino,0.05718633,-0.0029237
Nasim Nunez,0.01144489,0.04198723
MJ Melendez,-0.0091285,-0.0108882
Nick Yorke,0.00872485,-0.0030532
Juan Brito,-0.0363889,-0.0100641
Randal Grichuk,-0.0269172,-0.0033446
Petey Halpin,0.02238183,0.00706263
Garrett Stubbs,0.00532408,-0.005957
Freddy Fermin,0.0218589,-0.0091401
Josh Lowe,0.00293878,0.00982595
Marcelo Mayer,-0.004144,0.00173805
Edgar Quero,-0.0298895,-0.0040931
Scott Kingery,0.00303171,0.01398517
Nelson Velazquez,-0.0106212,-0.0045812
Santiago Espinal,0.01971011,-0.0018148
Yoan Moncada,-0.0662846,-0.0007415
Jase Bowen,-0.0074832,0.00371919
Pavin Smith,0.00747266,-0.0029266
Javier Baez,-0.0489682,-0.0015814
Graham Pauley,0.03316263,-0.0033885
Collin Price,-0.0441325,-0.0022268
Nick Loftin,-0.0867737,-0.00288
Jerar Encarnacion,0.00860903,-0.0023101
TJ Friedl,-0.0122022,0.01010258
Reese McGuire,-0.0102838,-0.0017974
Chad Stevens,-0.0009392,-0.0034907
Braxton Fulford,0.01779613,0.00487974
Jorge Polanco,-0.0279276,-0.00488
Nick Morabito,-0.009955,0.00060961
Hayden Senger,0.02939574,-0.00522
Austin Slater,0.02541437,0.00168683
Josh Bell,-0.0062341,-0.0056655
Thomas Saggese,0.0085911,-0.0118808
Jo Adell,-0.0374178,0.00038919
Luke Williams,0.00825219,0.01996462
Aramis Garcia,0.00951116,-0.001316
Nicky Lopez,0.00993339,-0.0086469
James McCann,-0.0033701,-0.0017063
Deyvison De Los Santos,0.03310774,-0.0032732
Cesar Prieto,-0.0333059,-0.0159775
Kyle Farmer,-0.0111177,-0.0078988
Luken Baker,-0.0026306,-0.0042908
Luisangel Acuna,0.00105369,0.02384492
Lawrence Butler,0.00137705,0.0008804
Dylan Moore,-0.0345199,0.0109025
George Valera,-0.0419848,-0.0059134
Anthony Seigler,-0.0891471,0.00780162
Zach Dezenzo,-0.0369341,-0.000533
Rece Hinds,-0.0266426,0.00141522
Jim Jarvis,-0.0110705,-0.0048748
Andrew Benintendi,-0.0375244,-0.0010394
Zach McKinstry,0.01958821,-0.00861
Marcell Ozuna,0.0,-0.0053071
Ha-Seong Kim,-0.038386,0.01013056
Billy Cook,-0.0115419,0.00641
Omar Martinez,-0.0678284,-0.00584
Eloy Jimenez,-0.0200855,-0.00317
Jhostynxon Garcia,-0.0251685,-0.00186
Tyler O'Neill,-0.0347083,0.00150583
Will Brennan,-0.0010518,-0.00685
Kevin Alcantara,-0.0066671,-0.0107483
Adam Frazier,-0.0299622,-0.0051066
Andruw Monasterio,-0.0672212,-0.0169
Jorge Soler,-0.0429689,-0.0047
Leo Jimenez,-0.0341839,-0.0026434
Tommy Pham,-0.0178466,0.00031565
Yohel Pozo,-0.0228385,-0.0046849
Jahmai Jones,0.0151715,-0.0119857
Jose Tena,-0.0098623,-0.00242
Ke'Bryan Hayes,0.05676909,0.00235966
Sterlin Thompson,-0.0084636,-0.0052793
Andy Ibanez,-0.0138226,-0.00186
Rafael Marchan,0.06615891,-0.0031702
Andrew McCutchen,0.00235715,-0.00525
Chadwick Tromp,-0.0189378,-0.00138
Noelvi Marte,-0.0332638,-0.0047002
Luis Rengifo,-0.0059268,-0.0061292
Miguel Andujar,-0.0477595,-0.0080234
Tim Tawa,0.02585957,-0.0157412
Gage Workman,-0.0759684,-0.0008956
Jeimer Candelario,-0.0744992,-0.0068543
Jarred Kelenic,-0.0539488,-0.0055721
Victor Bericoto,-0.0340397,-0.0161001
Salvador Perez,-0.0389491,-0.0042667
Brett Sullivan,-0.0253498,-0.0035413
Carlos Santana,0.00107733,0.00123734
Patrick Wisdom,-0.0085102,-0.0014
Otto Kemp,-0.07751,-0.00576
Mark Vientos,-0.0435156,-0.0031471
Austin Wynns,0.02248766,-0.0027347
Adrian Del Castillo,0.00188522,-0.0028961
Blake Perkins,0.0112399,0.00329364
Edouard Julien,-0.0620615,-0.0102878
Jordan Beck,-0.0159238,-0.0006532
Tyrone Taylor,-0.0173126,-0.0031619
Felix Reyes,-0.0133526,-0.0021393
Greg Jones,0.01380051,0.01646621
Sebastian Rivero,-0.0171,-0.0041019
Wenceel Perez,-0.0353221,0.00068213
Sandy Leon,0.00501,-0.0004008
Christopher Morel,-0.0411884,-0.0021432
Jose Fernandez,-0.0177747,0.00245865
Rob Refsnyder,-0.0223053,-0.0019201
Lenyn Sosa,-0.0359148,-0.0048723
Nick Castellanos,-0.0804151,0.00337008
