name|team|osw|zsw|swstr|zone
Nick Morabito|NYM|45.7|27.8|26.4|34
Sean Murphy|ATL|52.2|57.1|25|47.7
Alika Williams|ATH|37.5|46.7|15.4|38.5
Jeimer Candelario|LAA|41.9|70|26.5|48.2
Alex Jackson|MIN|41.7|60|20.4|51
Gabriel Arias|CLE|28.6|68.6|18|39.8
Esmerlyn Valdez|PIT|34.1|58.1|18.7|41.3
Kyle Farmer|ATL|58.6|57.1|16|42
Jose Siri|LAA|45.7|65.9|20.7|47.1
Zach Cole|HOU|30.6|59.2|18.3|44.7
Zach Dezenzo|HOU|33|56.2|13.6|44.9
Greg Jones|MIL|40|64.1|18.9|52.7
Shay Whitcomb|HOU|47.5|69.6|25.4|36.5
Taylor Trammell|HOU|30.1|68.9|16.4|42.3
Tommy Pham|NYM|34.4|57.1|13.3|46.7
Ryan Waldschmidt|ARI|27.6|59.9|13|42.5
Juan Brito|CLE|36.4|67.4|14.9|39.1
Kyle Higashioka|TEX|32.5|58.5|13.6|40.2
Oneil Cruz|PIT|34|61.1|15.6|39.5
James McCann|ARI|45.2|62.1|15.1|43.3
Christopher Morel|MIA|39.6|68|16.2|40.2
Matt Wallner|MIN|34.5|76.9|21.5|41.6
Joey Wiemer|WSN|28.1|57.4|12.2|40.6
Reese McGuire|CHW|43.6|54.5|10|50
Jake Burger|TEX|40.4|66|17|40.6
Brice Matthews|HOU|27|66.3|16.2|43.5
Luke Raley|SEA|36|77.4|21.9|42.3
Bryce Johnson|SDP|36.8|62.5|16.7|42.4
Griffin Conine|MIA|34.5|71.4|20|38.9
Rece Hinds|CIN|44.4|77.6|23.6|33.1
Max Muncy|ATH|40.5|65.9|16.8|41.3
Brent Rooker|ATH|33.9|70.5|17.9|41.9
Giancarlo Stanton|NYY|32.9|61.6|15.6|41.4
Eugenio Suárez|CIN|31|65.5|13.9|41.5
Jackson Holliday|BAL|23.7|69.4|13.2|39
Jake Rogers|DET|29.9|59|12|43.4
Joey Loperfido|HOU|36.5|64.9|15.6|41.1
Austin Hays|CHW|41.7|71.4|18.7|38
Yoán Moncada|LAA|23.4|59.2|10.5|43.5
Munetaka Murakami|CHW|23.8|66.7|16.2|41.4
P.J. Higgins|CIN|23.3|60|10.5|42.9
Oliver Dunn|TBR|31.6|60|8.8|44.1
Denzel Clarke|ATH|25.4|66|15.3|41.3
Alex Freeland|LAD|21.1|63.2|10.5|41.4
Ryan McMahon|NYY|31.8|63.8|13|43.8
Kazuma Okamoto|TOR|28.7|67.8|14.4|41.9
Elly De La Cruz|CIN|29.8|57.1|11.4|41.6
Tanner Murray|CHW|36.5|65|15.5|38.8
Justin Foscue|TEX|30.8|58.6|9.6|45.2
Chadwick Tromp|ATL|54.2|55.3|14.4|39.2
Owen Caissie|MIA|32|65.2|14.8|41.4
Colton Cowser|BAL|30.4|64.9|14.2|39.8
Jose Trevino|CIN|43.2|68.1|13.2|51.6
Coby Mayo|BAL|30.9|60.9|11.8|42.7
Starling Marte|KCR|34.1|66.4|12.7|43.7
Hao-Yu Lee|DET|29.3|71.7|14.1|44.2
Jarren Duran|BOS|35.2|64.2|14.7|40.7
Nolan Gorman|STL|33.2|73.6|17.9|41.6
Weston Wilson|BAL|29.7|61.2|12.2|43.4
Jackson Chourio|MIL|37.5|58.3|11.5|39.3
Garrett Mitchell|MIL|24.4|64.6|14.3|41.5
Jose Fernandez|ARI|38.2|58.1|11|42.9
Royce Lewis|MIN|34.5|70.5|16.5|39.2
Braxton Fulford|COL|34.5|67.7|17.4|36
Felix Reyes|PHI|54.1|65.9|15.3|37.3
Jorge Soler|LAA|32|69.6|15.8|41.5
Trevor Larnach|MIN|30.5|57.8|11.3|42.2
Christian Yelich|MIL|27.5|68.2|14.6|45.4
Esteury Ruiz|MIA|33|70.8|17.2|44.9
Ian Happ|CHC|28.6|63.3|13.4|42.2
Pedro Pagés|STL|38|66.3|12.9|41.2
Marcell Ozuna|PIT|28.2|62.1|11.8|40.7
James Outman|MIN|34|79.2|20.1|43
Blake Dunn|CIN|36.1|64.5|13.4|42.1
Leo Rivas|SEA|21|55|8.2|42.9
Adolis García|PHI|32.3|63.8|13.7|37.7
Bryce Teodosio|LAA|38.5|67.9|17.5|45.8
A.J. Ewing|NYM|28.3|58.2|9.4|41.6
Daniel Schneemann|CLE|34.8|66.5|14.1|42.1
Roman Anthony|BOS|23.5|54.6|9.5|44
Harrison Bader|SFG|43.1|68.7|15.9|39.4
Mitch Garver|SEA|26.6|66|13.6|40.1
Otto Kemp|PHI|37.5|70|17.5|33.3
Konnor Griffin|PIT|39.4|67.2|15.2|41
José Tena|WSN|35.4|69.9|16.7|41
Austin Slater|2 Tms|27.7|62|11.6|39.9
Jorge Barrosa|ARI|35|56.8|10.7|37.9
Brandon Lockridge|MIL|32.4|58.9|9.9|42.4
Joey Bart|PIT|34.5|62.7|11.5|41.8
Kerry Carpenter|DET|36.9|63.7|15.4|36.5
Nicky Lopez|2 Tms|43.3|68.4|13.3|38.8
Chase Meidroth|CHW|28.8|54.8|6.5|42
Gary Sánchez|MIL|21.4|57.2|9.3|39.4
CJ Kayfus|CLE|38.2|80|19.4|37
Jazz Chisholm Jr.|NYY|31.2|59.9|12.4|43.3
Jarred Kelenic|CHW|30.6|69.6|15.5|40.7
Hyeseong Kim|LAD|32.4|64.5|11.7|44.3
Brandon Lowe|PIT|34|67|15.3|41.7
Hunter Goodman|COL|44.4|72.5|17.6|38.2
Rikuu Nishida|CHW|31.3|51.4|5.8|53.6
Jacob Young|WSN|28.2|59.5|7.7|46
James Wood|WSN|23.7|59.2|10.9|40
Carlos Narváez|BOS|39.1|69.9|14|43.8
Sandy León|ATL|43.4|75|14.7|47.5
Trevor Story|BOS|47.2|69|15.6|36.9
Evan Carter|TEX|23.5|62.5|9.8|43.8
Mike Yastrzemski|ATL|30.9|58.2|9.1|43.3
MJ Melendez|NYM|32|67.7|15|42.5
Carlos Santana|ARI|36.1|71.1|14.2|42.5
Davis Schneider|TOR|22|59.9|10.3|39.4
Masyn Winn|STL|27.8|61.3|8.8|42
Bryson Stott|PHI|34.4|53.4|6.6|45
Ben Williamson|TBR|32.1|52.6|6.7|40.4
Brady House|WSN|35.8|74.4|15.9|42.5
Ha-Seong Kim|ATL|28.6|62.8|7.8|45.6
David Fry|CLE|28.9|60.6|11.7|39.9
Blake Perkins|MIL|32.7|55.5|9.9|43.7
Ke'Bryan Hayes|CIN|30|59.6|7.9|43.6
J.C. Escarra|NYY|29.8|67|13.2|43.6
Nick Kurtz|ATH|23.5|65.7|13.2|39.1
Drew Millas|WSN|29.7|62.3|8.8|45.2
Alex Bregman|CHC|24.2|58.5|7|45.2
Rodolfo Durán|SDP|23.4|69.8|12.1|40.2
Austin Wynns|ATH|42.2|71.8|14.3|46.1
Connor Wong|BOS|38.7|64.5|12.2|39.6
Taylor Ward|BAL|13.6|53.4|4.8|42.4
Jac Caglianone|KCR|34.6|65.2|14.2|39.8
Kyle Manzardo|CLE|31.9|65.6|13.6|40
Joc Pederson|TEX|28.9|63.7|12.7|42.4
Dominic Canzone|SEA|33.8|63.1|12.8|41.2
Willy Adames|SFG|34.2|68.3|12.5|42.8
Jordan Lawlar|ARI|26.3|64.7|13.2|37.4
Bryan Torres|STL|31.9|61.2|10.2|41.5
Aaron Judge|NYY|29.1|63.5|12.8|39.6
Jhostynxon Garcia|PIT|48.4|77.8|18.4|36.7
TJ Friedl|CIN|31|61.4|10.9|41.7
Aramis Garcia|ARI|48|57.9|13.6|43.2
Wyatt Langford|TEX|31.7|66.9|10.8|43.8
Brett Baty|NYM|28.3|67.4|12.1|42.7
Isaac Collins|KCR|21.8|61.5|9.5|41.6
Kyle Schwarber|PHI|28.5|65.1|13.3|40.4
Jared Triolo|PIT|29.4|58.7|8.8|45.5
Gavin Sheets|SDP|34.7|54.9|7.8|39.3
Seiya Suzuki|CHC|26.7|62.4|10|42.1
Spencer Torkelson|DET|22.4|67.1|11.6|43.1
Tristan Gray|MIN|42.1|75.4|17.8|42
Ezequiel Duran|TEX|36.4|67.2|12.8|41.4
Rob Refsnyder|SEA|22.7|70.5|9.5|41.8
Matt McLain|CIN|28.4|62|9.2|41.7
Max Muncy|LAD|28.2|66|11.5|43.4
Luis Matos|MIL|51.1|76|18.1|34.7
Cam Smith|HOU|32.1|64.9|13.3|41.8
Adrian Del Castillo|ARI|32.9|67.8|13.2|42.1
Jordan Beck|COL|43.8|70.2|15|38.6
Maikel Garcia|KCR|23.8|57.1|5.4|44.1
Drew Gilbert|SFG|33.9|59.3|9.8|43.6
Rafael Devers|SFG|35.1|71.4|14.5|43
Michael Conforto|CHC|25|63.5|11.3|44.5
Samuel Basallo|BAL|41|66.8|14.6|38.3
José Azócar|ATL|47.2|69.2|14.5|41.9
José Fermín|STL|25.3|54|4.5|41.4
Victor Caratini|MIN|31.4|59.2|8.6|41.2
Adam Frazier|LAA|40.1|69.9|13|43.2
Colt Keith|DET|25.1|62.6|9.1|45.9
Randy Arozarena|SEA|35.2|67.1|12.3|40.7
Willson Contreras|BOS|34.5|67.7|13.8|38.7
Eric Haase|SFG|34.2|74.2|14.8|45.9
Dane Myers|CIN|20.7|56.4|6.2|44.7
Carson Williams|TBR|39.7|70.9|15.3|46.6
Patrick Wisdom|SEA|38.9|73.3|16.7|45.5
Tyler Stephenson|CIN|25.5|68.6|11.5|44.8
Sam Haggerty|TEX|34.8|72|15|44.9
Austin Riley|ATL|35.4|68.5|13.9|38.1
Francisco Alvarez|NYM|32.5|62.8|11.6|41.4
Luis Campusano|SDP|35.7|68.8|13.5|41.9
Otto Lopez|MIA|37.2|62.1|8.8|41.9
Gabriel Moreno|ARI|38.4|56.2|8.4|37.7
Jonathan India|KCR|18.7|65|8|43.5
Everson Pereira|CHW|44.5|81|20.3|42.2
Ronny Mauricio|NYM|55.8|77.8|18|36.9
Dylan Crews|WSN|46.3|68.3|11.9|44.1
Kyle Stowers|MIA|39.9|75.7|17.9|40
Teoscar Hernández|LAD|29|67.2|11.8|41.9
Matt Chapman|SFG|28.8|63.4|9.3|43.9
Joey Ortiz|MIL|32.7|55.2|6.4|39.7
Colson Montgomery|CHW|34.9|76.1|17.4|41.2
Victor Scott II|STL|28.8|67.7|11.7|43.9
Dalton Rushing|LAD|32.1|71.5|13.8|44.7
Nick Castellanos|SDP|42.3|79.5|18.2|39.9
Byron Buxton|MIN|37.9|75.2|16.1|40.7
Zack Gelof|ATH|25.2|69.7|11.6|47.6
Eloy Jiménez|TOR|41|70.2|15.4|36.2
Petey Halpin|CLE|32.8|75|14.6|45.5
Dylan Moore|PHI|28.8|62.1|12.3|35.8
Mark Vientos|NYM|41.3|75.2|16.3|42.6
Travis d'Arnaud|LAA|34.2|67.7|12.1|44
Paul Goldschmidt|NYY|33.3|67.8|10.2|42.4
Heriberto Hernández|MIA|25.2|69.6|12.2|42.6
Spencer Jones|NYY|36.8|84.3|18.9|40.2
Carter Jensen|KCR|29.4|67|12.8|40.1
Zack Short|DET|32.7|69.1|12.6|34.6
Jerar Encarnacion|SFG|46.2|60.3|9.4|42.8
Ben Rice|NYY|25.6|63.1|9.8|41.2
Kyle Karros|COL|26.6|62.8|9.9|41.1
Luis Torrens|NYM|37.2|67.8|11.2|36.3
Ramón Laureano|SDP|34.7|73.4|15.1|40.9
Christian Koss|SFG|36.8|80|15.4|51.3
Pete Alonso|BAL|28.6|68.2|11.5|41.2
Gage Workman|DET|44.8|81.8|18.3|38.7
Derek Hill|CHW|34.9|70|14.6|39.4
Andrew McCutchen|TEX|23.9|71.5|13.8|44.5
Logan O'Hoppe|LAA|36.4|69.5|13.2|38.3
Hunter Feduccia|TBR|32.1|65|11.2|42.7
Mickey Gasper|BOS|31.7|61.7|8.9|43.9
Jorge Mateo|ATL|40.6|67.9|13.9|40.5
CJ Abrams|WSN|35.9|69.6|12.8|40.5
Will Benson|CIN|22.5|70.4|13.4|40.4
Rafael Marchán|PHI|35.5|67.3|8.7|44.5
Agustín Ramírez|MIA|30.7|71.5|14.4|43.3
Graham Pauley|MIA|28.6|66|9.3|40.6
Tyler Black|MIL|37.3|78.9|12.4|39.2
Miguel Amaya|CHC|30.4|62.8|10.6|38.7
Gunnar Henderson|BAL|37.2|66|11.3|42.9
Nathaniel Lowe|CIN|29|61.7|7.9|42.4
Randal Grichuk|2 Tms|36.5|64.5|11|44.3
Jonny DeLuca|TBR|39.8|69.9|11.6|37.8
Rhys Hoskins|CLE|24|66.4|11.5|40.3
Tommy Troy|ARI|26.3|68.2|9.9|43.6
Corbin Carroll|ARI|32.2|65.5|11.9|37.7
Billy Cook|PIT|54.8|70.6|15.4|52.3
Eli White|ATL|32.5|73.9|13.6|42.7
Steven Kwan|CLE|23|51.2|2.6|40.6
Thomas Saggese|STL|40.4|75|16|39.7
Jordan Walker|STL|38.7|74.1|14.9|39.3
Drew Romo|CHW|30.3|69.1|13.6|41.5
Tyler O'Neill|BAL|32.3|68.6|12.7|37.4
Nolan Arenado|ARI|33.1|62.6|9.7|40.1
Mookie Betts|LAD|24.9|61.1|5.2|46.8
Tyrone Taylor|NYM|40.7|72|11.7|42.9
Nick Sogard|BOS|21.3|57.4|6.4|43.3
Troy Johnston|COL|39.6|64.4|10.8|40.5
Lenyn Sosa|2 Tms|50|65.6|10.5|35.8
Mike Trout|LAA|22.1|60.6|7.1|38.8
Vaughn Grissom|LAA|29.7|63.8|8.2|45
Jonah Heim|2 Tms|37.5|56.4|8.5|39.9
Riley Greene|DET|27.6|71|12.3|40.4
Austin Wells|NYY|31.1|69.3|12.5|40.7
Jake Bauers|MIL|24.1|65.8|9.6|43.7
Richie Palacios|TBR|31.8|60.8|8.8|37.4
Patrick Bailey|2 Tms|28.8|70.9|11.5|44.7
Javier Báez|DET|53|72.4|15.1|35.1
J.T. Realmuto|PHI|34.1|67|9.9|40.7
Ceddanne Rafaela|BOS|37.3|66.5|11.3|40.8
Jose Altuve|HOU|35.7|65.1|10.7|38.1
Jakob Marsee|MIA|26.3|58.6|6.8|40.9
Travis Bazzana|CLE|25.7|65.2|9.1|42.9
Ryan Jeffers|MIN|26.8|55.7|5.5|40.3
Colby Thomas|ATH|43.6|78.1|17.1|40.5
Donovan Walton|LAA|38.4|73.1|15.2|41.6
Michael Massey|KCR|37.7|67|10.9|41.5
Dansby Swanson|CHC|28|69.5|12.8|38.9
Connor Norby|MIA|28.8|75.7|13.7|43.3
Carson Benge|NYM|30.8|63.6|9|43.1
Michael Helman|TEX|50|67.7|13.6|38.3
Julio Rodríguez|SEA|41.9|72.6|13.8|38.8
Joe Mack|MIA|28.3|69.2|10.8|47.9
Trent Grisham|NYY|18.7|55|5.2|42.9
Connor Joe|SEA|24.8|61.3|9.4|44.2
Andruw Monasterio|BOS|29.5|64.4|7.5|48.9
Spencer Steer|CIN|28.5|67.6|9.2|42
Taylor Walls|TBR|27.1|61.8|8.3|42.7
José Caballero|NYY|37.1|65.9|11.1|41.1
Luis Robert Jr.|NYM|35.2|65.5|11.6|37.6
Dustin Harris|2 Tms|31.3|59.5|5.8|39.2
Kody Clemens|MIN|34.2|67.2|11.3|43.5
Ty France|SDP|38.6|75.8|14.2|43.9
Edouard Julien|COL|23.8|67|10.2|42.2
Zach Neto|LAA|33.8|72.3|13.7|38.8
Andrew Benintendi|CHW|35.5|77.3|14.5|41.1
Xander Bogaerts|SDP|30.9|63.3|8.7|41.3
Keibert Ruiz|WSN|36.9|63.3|6.1|45.5
Curtis Mead|WSN|27.6|62.2|6.5|40.4
Dillon Dingler|DET|33.7|66.3|9.4|41.2
Yohendrick Piñango|TOR|35.7|69.2|10.6|42.2
Danny Jansen|TEX|25.9|69.1|10.4|43.7
Shohei Ohtani|LAD|30.2|64.9|10.8|40.1
Braden Shewmake|HOU|53.4|72.3|13.2|43.4
Trea Turner|PHI|37.4|70.6|12.6|42.6
Lawrence Butler|ATH|25.3|71.9|11.5|43.2
Orlando Arcia|MIN|38.3|65.9|8.9|40.6
Josh Lowe|LAA|38.2|74.2|13.3|45.6
Bobby Witt Jr.|KCR|36|68.9|10.3|38.1
Caleb Durbin|BOS|28.8|63.4|6.7|43.3
Matt Shaw|CHC|38.2|64.4|8.8|41.4
Willi Castro|COL|40.9|74.1|14.7|38.6
Masataka Yoshida|BOS|29.5|53.2|4.2|41
J.P. Crawford|SEA|21.6|60|6.2|42.7
Brenton Doyle|COL|38|75.9|15.1|40
Lourdes Gurriel Jr.|ARI|43.3|67.3|12.9|38.7
Daniel Susac|SFG|39.6|71|12.4|44.4
Henry Bolte|ATH|29.8|74.7|13.3|41.2
Bryan Reynolds|PIT|26|69.5|10.9|41.2
Michael Busch|CHC|27|63.5|9.7|39.7
Carlos Correa|HOU|35.3|59.7|9.4|39.7
Iván Herrera|STL|30.9|62|8.2|38.9
Nolan Schanuel|LAA|32.1|65|7.8|44.7
Noelvi Marte|CIN|48.2|69|13.6|33.6
Edmundo Sosa|PHI|52.9|72.5|13.9|38.4
Anthony Volpe|NYY|24.8|67.8|10.5|39.5
Ryan O'Hearn|PIT|31.5|61.4|8.6|41.7
Nathan Church|STL|46.2|69|12.5|41.3
JJ Bleday|CIN|26.1|71.2|12.3|42
Casey Schmitt|SFG|38.6|69|11|43.8
Fernando Tatis Jr.|SDP|32.2|72|12.6|40.3
Michael Harris II|ATL|44.8|71.5|13.3|40.6
Jonathan Aranda|TBR|29.5|65.3|8.4|39.3
Christian Vázquez|HOU|35.6|60|7.9|39.4
Cal Raleigh|SEA|40.4|73.3|15.1|37.6
Oswald Peraza|LAA|38.2|79.3|14.5|40.5
Andrés Giménez|TOR|43.8|72.3|12.2|42
Alec Burleson|STL|37.2|65.8|9.4|42.4
César Prieto|STL|43.5|68.4|9.5|45.2
Kyle Isbel|KCR|37.8|59|7.3|41.3
Austin Hedges|CLE|26.9|68|9.8|42.2
Manny Machado|SDP|31.6|70.9|11.2|41.4
Myles Straw|TOR|20.7|57.5|4.3|44.5
Victor Robles|SEA|38.2|61.9|11.7|38.2
Nasim Nuñez|WSN|29.1|68.9|10|43.2
Wilyer Abreu|BOS|33.5|68.8|9.6|42.1
Lane Thomas|KCR|24.4|64.5|7.5|39.8
Marcelo Mayer|BOS|32.6|74.6|12.9|42.6
Dylan Beavers|BAL|24.2|68.5|8.8|44.5
Sam Antonacci|CHW|25.7|60.4|5.4|43.5
Jo Adell|LAA|40.2|77.9|13.6|40.7
Leo Jiménez|MIA|28.4|68.3|7.5|41.3
Ryan Kreidler|MIN|34.9|75|15.3|44.2
Brett Sullivan|COL|41|68.1|10.1|42.5
Endy Rodríguez|PIT|23|55.9|7.5|37.1
Jahmai Jones|DET|32.9|72.8|13.9|39.7
Andrew Vaughn|MIL|27.3|62.8|7.2|45.8
Adley Rutschman|BAL|27.8|57.4|5|43.2
Brandon Marsh|PHI|38.9|70.1|10.5|44.7
Moisés Ballesteros|CHC|38.4|71.4|12.8|35
Sal Stewart|CIN|32.2|72|11.2|42.3
Gleyber Torres|DET|20.8|64|6.7|40.6
Geraldo Perdomo|ARI|23.6|57|3.8|45
Brandon Valenzuela|TOR|32.5|73.7|11.9|42.8
Corey Seager|TEX|31.9|80.8|16.2|38
Juan Soto|NYM|23.8|62|7.9|43.2
Ezequiel Tovar|COL|47.4|81.2|15.7|38.1
Leody Taveras|BAL|30.7|69.3|10.3|38.4
David Hamilton|MIL|30.5|60.1|7.4|43.3
JJ Wetherholt|STL|25.8|67.8|9.1|42.9
Jake Cronenworth|SDP|29.3|64.3|9.1|40.3
Cole Young|SEA|34.2|66|9.4|41.9
Andy Pages|LAD|37.2|68.9|10.5|41.2
Brendan Donovan|SEA|28.6|63|7.3|41
Pavin Smith|ARI|20|60|5.5|45.5
Isaac Paredes|HOU|30.3|64.7|6.9|40.4
Pete Crow-Armstrong|CHC|39.5|71|12.9|40
Matt Vierling|DET|30.7|65.7|6.5|45.2
Luke Keaschall|MIN|25.8|62.5|5.7|43.3
Salvador Perez|KCR|47.3|74.1|14.5|36.5
Ildemaro Vargas|ARI|43.7|59.7|6.7|42.8
Blaze Alexander|BAL|33.4|81.7|14.9|43.6
Ramón Urías|STL|26.7|74.5|10.5|44.7
Nico Hoerner|CHC|33.1|55.9|4.2|41.2
Ketel Marte|ARI|37.3|66.1|9.6|40.8
Javier Sanoja|MIA|44.4|58.6|5.8|40.1
Santiago Espinal|LAD|35.5|63.2|5.9|40.9
Tyler Heineman|TOR|45.7|66.7|11.6|43.2
Brice Turang|MIL|23.3|63|7.3|43.6
Alek Thomas|ARI|45.5|73.4|12.7|40.6
Brayan Rocchio|CLE|34|67.4|9.9|40.1
Tim Tawa|ARI|35.7|63.8|10.4|38.9
Will Smith|LAD|24.6|63.2|5.8|43.3
Junior Caminero|TBR|30|61.3|7.8|35.1
Amed Rosario|NYY|42.3|77.8|13.6|41.7
Heliot Ramos|SFG|40.1|75|13.3|41.2
Alec Bohm|PHI|28.1|63.5|6.5|43.1
Miguel Andujar|SDP|42.3|70.5|9.7|42.9
Justin Crawford|PHI|35.8|68|7.8|44.3
Brandon Nimmo|TEX|30.3|69|8.8|45.8
Colt Emerson|SEA|27.4|72|11.2|44.6
Darell Hernaiz|ATH|37|70.7|9.1|39.8
Luisangel Acuña|CHW|35.8|68.9|11.4|36.8
Christian Walker|HOU|33.8|74.7|13.2|39.8
Jhonny Pereda|SEA|30.2|66.7|6|42.3
Mickey Moniak|COL|44.4|77.3|14.4|41.3
Jake Fraley|TBR|25.5|69.5|8.7|44.1
Andrés Chaparro|WSN|37.6|57.1|10.6|24.8
Jeremiah Jackson|BAL|41.1|79.9|14|45.7
Drake Baldwin|ATL|35.7|71.4|10.9|41
Sal Frelick|MIL|24.6|61|3.9|46.9
Brooks Lee|MIN|36.8|71.9|10.3|41.6
Austin Martin|MIN|19.5|68.2|7|40.7
Edgar Quero|CHW|32|72.5|10.8|40
Francisco Lindor|NYM|31.3|69|10.5|37.3
Freddy Fermin|SDP|36.5|72.3|12.6|37.8
Matt Olson|ATL|31.6|65.7|9.3|41.6
Josh Jung|TEX|34.5|66|7.5|43
Tyler Soderstrom|ATH|30.4|71.1|9.8|41.9
Parker Meadows|DET|32|65.2|8.6|40.5
Nick Yorke|PIT|32.8|69.5|8|40.2
Daniel Johnson|HOU|29.7|75|9.4|30.2
Yordan Alvarez|HOU|29.3|63.3|7.7|39.1
Nick Allen|HOU|25|70.2|8.9|43.8
Jeremy Peña|HOU|39.2|79.3|13.7|39
Jesús Sánchez|TOR|41.4|74.7|12.7|41.2
Miguel Rojas|LAD|36.3|65.1|8.3|40.8
Carson Kelly|CHC|31.1|69.9|9.2|42
Marcus Semien|NYM|31.1|73.7|9.8|45.3
Angel Martínez|CLE|43.9|67.3|8.4|40.9
Nick Loftin|KCR|22.4|56|3.6|42.3
Josh Bell|MIN|34.5|75.3|12.7|40.6
Josh Smith|TEX|33.3|68|9.5|41.9
Wenceel Pérez|DET|32.5|67.5|7.8|42.2
George Valera|CLE|41.3|75|10|47.1
Wade Meckler|LAA|38.1|75.6|10.3|51.7
Bryce Harper|PHI|37.5|76|14|37.4
Elias Díaz|KCR|36.7|88.2|15.7|41
Daylen Lile|WSN|38.3|77.6|11.9|43
Shea Langeliers|ATH|36.3|74.9|12.5|38.5
Spencer Horwitz|PIT|27.7|59.5|4.8|41.3
Andy Ibáñez|2 Tms|52.5|79.5|11.4|49.4
George Springer|TOR|31.4|76.8|11.8|42.7
Bo Naylor|CLE|32.1|65.2|5.9|39.8
Sebastián Rivero|LAA|47.5|75.6|12.4|39
Nathan Lukes|TOR|41.4|63.8|6.7|43.1
Xavier Edwards|MIA|23.9|61|5.1|40.4
Ronald Acuña Jr.|ATL|28|75.5|11.2|36.3
Chandler Simpson|TBR|31.2|64.4|3.8|43.9
Jorge Polanco|NYM|32.9|70.2|8.9|37.5
Jesus Rodriguez|SFG|40|66.7|9|37.5
Jung Hoo Lee|SFG|32.7|64.2|5.5|42.9
Yainer Diaz|HOU|45.9|77.3|12.4|38.9
Isiah Kiner-Falefa|BOS|38.3|68.8|8.5|38.4
Cedric Mullins|TBR|30.9|69.9|9.1|41.3
Jared Young|NYM|27.1|74.6|10.3|38.5
Alejandro Osuna|TEX|35.9|64.1|5.1|41
Luis Rengifo|MIL|32.2|74.5|8.6|41.7
Mauricio Dubón|ATL|38.8|68.8|8.2|40.3
Vinnie Pasquantino|KCR|34.8|62|6.8|39.5
Sterlin Thompson|COL|33.7|74.5|13.1|37.2
Henry Davis|PIT|33.6|73.2|11.1|45.4
Sung-Mun Song|SDP|22.9|65.5|9.6|44
Cody Bellinger|NYY|26.8|64.3|6.7|42
Carlos Cortes|ATH|26.5|69.2|7.7|39.9
Dominic Smith|ATL|38|75.2|10.1|44.1
William Contreras|MIL|31.8|68.5|8|40.7
Jacob Wilson|ATH|46.2|72.9|8.1|42.3
Zach McKinstry|DET|31.4|69.4|6|49
Jake Mangum|PIT|50.8|71.9|10.3|39.1
Yandy Díaz|TBR|32.5|65.6|5.3|43.8
Jake Meyers|HOU|36.8|79.5|12|41.9
Kyle Tucker|LAD|28.1|76.7|10.3|44
Addison Barger|TOR|35.4|60|8.4|33.6
Liam Hicks|MIA|26.9|63|4|42.1
Jasson Domínguez|NYY|44.4|76.9|10.8|35.1
Hayden Senger|NYM|47.6|78.9|10|47.5
Bryce Eldridge|SFG|33.9|71.3|10.2|36.7
Luis García Jr.|WSN|44.1|71.7|9.3|42.6
Jackson Merrill|SDP|37.5|79.9|13.6|39.2
Jake McCarthy|COL|37.4|74.8|10.8|40.2
Bo Bichette|NYM|41.1|70.1|7.4|39.7
Miguel Vargas|CHW|21.2|74|7.4|42.8
Vladimir Guerrero Jr.|TOR|36.5|68.6|9|38.1
Nick Madrigal|LAA|42.9|69.2|3.7|48.1
Freddie Freeman|LAD|28.9|76.6|9.8|41.8
Max Schuemann|NYY|18.9|70.8|9.8|39.3
César Salazar|HOU|26.8|69.2|5.3|41.1
José Ramírez|CLE|31.2|70.4|6.4|38.8
Victor Mesa Jr.|TBR|31.5|84.8|14.9|37.9
Ernie Clement|TOR|45.9|72.3|7.6|42.4
Kevin McGonigle|DET|22.2|67.9|5.2|42.1
TJ Rumfield|COL|34.8|73.6|9.2|41.3
Luis Arraez|SFG|35.2|67.6|3.6|47.4
Nick Fortes|TBR|40.9|70.2|7.2|41.7
Nick Gonzales|PIT|35.9|78.3|10.7|41.9
Garrett Stubbs|PHI|43.8|66.7|10.7|36
Alejandro Kirk|TOR|48.8|61.3|6.7|41.9
Tyler Freeman|COL|30.4|66.7|4.6|43.7
Chase DeLauter|CLE|22.5|67.7|5.6|43.3
Daulton Varsho|TOR|38|74.5|8.7|38.9
Ryan Vilade|TBR|28.1|74.7|6.5|42.7
Ozzie Albies|ATL|39.6|82.3|10.9|36.4
Josh Naylor|SEA|38.1|78.8|9.7|38.2
Yohel Pozo|STL|56.6|78|7.8|48.5
Tristan Peters|CHW|35.8|77.3|10.8|43.9
Johnathan Rodríguez|BAL|28.6|80|9.1|36.4
Jorbit Vivas|WSN|30.5|81|8|39.7
Alex Call|LAD|18|68|2.4|44.2
Chad Stevens|COL|32.7|74.4|8.5|41.5
Will Brennan|SFG|52.3|78.8|3.8|42.9
Jeff McNeil|ATH|34.9|80|7.4|43.6
Vidal Bruján|NYM|18.8|100|10.7|42.9
Ryan Mountcastle|BAL|48.5|85.7|5.6|38.9