name_key,name,fld_proj_pg,bsr_proj_pg
pete crowarmstrong,Pete Crow-Armstrong,0.136,0.023
bobby witt,Bobby Witt,0.121,0.038
jj wetherholt,JJ Wetherholt,0.117,0.015
ceddanne rafaela,Ceddanne Rafaela,0.111,0.005
tyler heineman,Tyler Heineman,0.11,-0.004
rafael marchan,Rafael Marchan,0.103,-0.005
luis torrens,Luis Torrens,0.099,-0.003
eli white,Eli White,0.095,0.022
wilyer abreu,Wilyer Abreu,0.091,-0.007
wyatt langford,Wyatt Langford,0.09,0.017
alejandro kirk,Alejandro Kirk,0.085,-0.013
cody bellinger,Cody Bellinger,0.084,-0.001
jacob young,Jacob Young,0.082,0.017
ty france,Ty France,0.082,-0.018
patrick bailey,Patrick Bailey,0.081,-0.009
chandler simpson,Chandler Simpson,0.072,0.016
jarren duran,Jarren Duran,0.071,0.026
victor mesa,Victor Mesa,0.071,-0.012
dansby swanson,Dansby Swanson,0.071,0.027
mauricio dubon,Mauricio Dubon,0.071,-0.004
andres gimenez,Andres Gimenez,0.07,0.01
maikel garcia,Maikel Garcia,0.069,0.002
anthony volpe,Anthony Volpe,0.068,0.001
joe mack,Joe Mack,0.068,-0.003
masyn winn,Masyn Winn,0.067,0.003
daniel schneemann,Daniel Schneemann,0.067,-0.005
joey ortiz,Joey Ortiz,0.067,-0.014
blake dunn,Blake Dunn,0.065,0.001
corbin carroll,Corbin Carroll,0.065,0.023
andy pages,Andy Pages,0.065,-0.01
daniel susac,Daniel Susac,0.065,-0.011
michael massey,Michael Massey,0.063,-0.005
derek hill,Derek Hill,0.062,0.006
gabriel moreno,Gabriel Moreno,0.062,-0.004
geraldo perdomo,Geraldo Perdomo,0.062,-0.009
isiah kinerfalefa,Isiah Kiner-Falefa,0.061,0.02
matt chapman,Matt Chapman,0.061,-0.013
jose ramirez,Jose Ramirez,0.059,0.046
michael harris,Michael Harris,0.059,-0.002
nico hoerner,Nico Hoerner,0.058,0.014
joey loperfido,Joey Loperfido,0.058,0.001
brice matthews,Brice Matthews,0.058,-0.009
jose trevino,Jose Trevino,0.058,-0.01
roman anthony,Roman Anthony,0.057,0.009
colton cowser,Colton Cowser,0.056,0.001
seiya suzuki,Seiya Suzuki,0.056,-0.014
mookie betts,Mookie Betts,0.055,-0.011
cam smith,Cam Smith,0.054,0.017
brice turang,Brice Turang,0.054,0.016
adley rutschman,Adley Rutschman,0.054,-0.013
dylan crews,Dylan Crews,0.053,0.018
ezequiel duran,Ezequiel Duran,0.053,0.007
steven kwan,Steven Kwan,0.053,0.005
adolis garcia,Adolis Garcia,0.053,0.004
elly de la cruz,Elly De La Cruz,0.051,0.011
tristan peters,Tristan Peters,0.051,0.008
kebryan hayes,Ke'Bryan Hayes,0.051,0.003
edwin arroyo,Edwin Arroyo,0.051,-0.011
fernando tatis,Fernando Tatis,0.05,0.005
cooper pratt,Cooper Pratt,0.049,0.035
brandon lowe,Brandon Lowe,0.049,-0.001
jacob wilson,Jacob Wilson,0.049,-0.002
caleb durbin,Caleb Durbin,0.048,0.014
matt shaw,Matt Shaw,0.048,-0.002
cole carrigg,Cole Carrigg,0.048,-0.003
brayan rocchio,Brayan Rocchio,0.047,0.005
nathan lukes,Nathan Lukes,0.047,-0.015
alex bregman,Alex Bregman,0.046,-0.006
dillon dingler,Dillon Dingler,0.045,-0.003
xander bogaerts,Xander Bogaerts,0.045,0.013
ildemaro vargas,Ildemaro Vargas,0.044,0.004
starling marte,Starling Marte,0.043,-0.03
jonny deluca,Jonny DeLuca,0.043,0.017
kody clemens,Kody Clemens,0.043,0.0
vladimir guerrero,Vladimir Guerrero,0.041,0.0
gabriel arias,Gabriel Arias,0.041,-0.001
paul goldschmidt,Paul Goldschmidt,0.041,-0.001
zach mckinstry,Zach McKinstry,0.041,-0.01
jorge mateo,Jorge Mateo,0.041,0.033
ryan waldschmidt,Ryan Waldschmidt,0.041,0.016
matt olson,Matt Olson,0.04,-0.002
connor norby,Connor Norby,0.04,-0.003
lars nootbaar,Lars Nootbaar,0.04,-0.008
evan carter,Evan Carter,0.039,0.025
pedro pages,Pedro Pages,0.039,0.004
brandon valenzuela,Brandon Valenzuela,0.039,-0.001
alex call,Alex Call,0.039,-0.001
pavin smith,Pavin Smith,0.038,-0.016
cedric mullins,Cedric Mullins,0.037,0.002
daylen lile,Daylen Lile,0.037,-0.003
nolan arenado,Nolan Arenado,0.037,-0.005
luis arraez,Luis Arraez,0.037,0.013
jackson chourio,Jackson Chourio,0.037,0.011
freddy fermin,Freddy Fermin,0.036,-0.006
jake meyers,Jake Meyers,0.036,-0.02
tim tawa,Tim Tawa,0.036,-0.031
miguel rojas,Miguel Rojas,0.035,-0.017
tj rumfield,TJ Rumfield,0.035,-0.014
austin martin,Austin Martin,0.035,-0.018
jc escarra,J.C. Escarra,0.034,0.005
manny machado,Manny Machado,0.034,-0.015
otto lopez,Otto Lopez,0.033,0.021
alek thomas,Alek Thomas,0.033,0.019
nasim nunez,Nasim Nunez,0.032,0.057
jake rogers,Jake Rogers,0.032,0.003
alex freeland,Alex Freeland,0.031,0.003
jared young,Jared Young,0.031,-0.001
michael busch,Michael Busch,0.031,-0.013
santiago espinal,Santiago Espinal,0.031,-0.031
francisco lindor,Francisco Lindor,0.03,0.001
ryan mcmahon,Ryan McMahon,0.03,-0.006
myles straw,Myles Straw,0.029,0.005
will smith,Will Smith,0.029,-0.017
henry bolte,Henry Bolte,0.027,0.011
christian walker,Christian Walker,0.027,-0.004
tj friedl,TJ Friedl,0.027,0.015
graham pauley,Graham Pauley,0.027,0.0
joey wiemer,Joey Wiemer,0.026,0.017
ian happ,Ian Happ,0.026,-0.003
henry davis,Henry Davis,0.026,-0.005
jose siri,Jose Siri,0.025,-0.007
zack gelof,Zack Gelof,0.025,0.019
colson montgomery,Colson Montgomery,0.025,-0.01
cal raleigh,Cal Raleigh,0.024,-0.007
angel martinez,Angel Martinez,0.023,0.011
darell hernaiz,Darell Hernaiz,0.023,0.001
harrison bader,Harrison Bader,0.023,-0.007
nolan schanuel,Nolan Schanuel,0.023,-0.009
ryan kreidler,Ryan Kreidler,0.023,-0.02
kyle isbel,Kyle Isbel,0.021,0.019
javier sanoja,Javier Sanoja,0.021,-0.002
jazz chisholm,Jazz Chisholm,0.021,0.035
jackson merrill,Jackson Merrill,0.021,0.029
cole young,Cole Young,0.021,-0.01
miguel amaya,Miguel Amaya,0.021,-0.011
nick allen,Nick Allen,0.02,0.013
tommy troy,Tommy Troy,0.02,-0.003
freddie freeman,Freddie Freeman,0.02,-0.003
mike yastrzemski,Mike Yastrzemski,0.019,0.002
jake burger,Jake Burger,0.019,-0.001
orlando arcia,Orlando Arcia,0.019,-0.058
corey seager,Corey Seager,0.019,-0.008
oswald peraza,Oswald Peraza,0.018,0.017
nolan gorman,Nolan Gorman,0.018,-0.013
brandon lockridge,Brandon Lockridge,0.017,0.032
victor robles,Victor Robles,0.017,0.015
daulton varsho,Daulton Varsho,0.017,0.013
josh lowe,Josh Lowe,0.017,0.011
victor scott,Victor Scott,0.017,0.011
jose fernandez,Jose Fernandez,0.017,0.007
austin wells,Austin Wells,0.017,-0.002
kyle stowers,Kyle Stowers,0.017,-0.003
ketel marte,Ketel Marte,0.016,0.003
matt mclain,Matt McLain,0.016,0.003
jorbit vivas,Jorbit Vivas,0.016,-0.007
carlos narvaez,Carlos Narvaez,0.015,-0.01
ramon laureano,Ramon Laureano,0.015,0.005
gleyber torres,Gleyber Torres,0.015,-0.027
pete alonso,Pete Alonso,0.014,-0.008
jared triolo,Jared Triolo,0.013,0.013
austin hedges,Austin Hedges,0.013,-0.016
taylor walls,Taylor Walls,0.013,0.021
byron buxton,Byron Buxton,0.013,0.007
austin slater,Austin Slater,0.012,0.027
sal frelick,Sal Frelick,0.012,0.007
kyle karros,Kyle Karros,0.011,0.007
kevin mcgonigle,Kevin McGonigle,0.011,0.025
zach cole,Zach Cole,0.011,0.005
casey schmitt,Casey Schmitt,0.011,0.003
leo rivas,Leo Rivas,0.01,0.019
carson benge,Carson Benge,0.01,0.019
jake mangum,Jake Mangum,0.01,0.018
kazuma okamoto,Kazuma Okamoto,0.01,-0.012
mj melendez,MJ Melendez,0.01,-0.015
xavier edwards,Xavier Edwards,0.009,0.011
ezequiel tovar,Ezequiel Tovar,0.009,0.007
nathan church,Nathan Church,0.009,0.001
christian vazquez,Christian Vazquez,0.009,-0.005
william contreras,William Contreras,0.009,-0.017
bryson stott,Bryson Stott,0.009,0.039
chase meidroth,Chase Meidroth,0.008,-0.006
aaron judge,Aaron Judge,0.007,-0.006
jahmai jones,Jahmai Jones,0.007,-0.021
liam hicks,Liam Hicks,0.007,-0.022
sal stewart,Sal Stewart,0.006,-0.001
thomas saggese,Thomas Saggese,0.006,-0.021
tommy edman,Tommy Edman,0.005,0.003
luis garcia,Luis Garcia,0.005,-0.002
danny jansen,Danny Jansen,0.005,-0.012
willson contreras,Willson Contreras,0.005,-0.013
brenton doyle,Brenton Doyle,0.005,0.021
carlos correa,Carlos Correa,0.005,0.002
chase delauter,Chase DeLauter,0.005,-0.003
keibert ruiz,Keibert Ruiz,0.005,-0.025
jt realmuto,J.T. Realmuto,0.004,0.007
isaac paredes,Isaac Paredes,0.004,-0.009
andrew mccutchen,Andrew McCutchen,0.003,-0.011
colt keith,Colt Keith,0.003,0.011
will benson,Will Benson,0.003,-0.001
justin foscue,Justin Foscue,0.003,-0.003
dominic smith,Dominic Smith,0.003,-0.008
gunnar henderson,Gunnar Henderson,0.002,0.003
moises ballesteros,Moises Ballesteros,0.002,0.0
dominic canzone,Dominic Canzone,0.002,-0.006
max muncy,Max Muncy,0.002,-0.009
jordan beck,Jordan Beck,0.001,0.006
riley greene,Riley Greene,0.001,-0.007
bo bichette,Bo Bichette,0.001,-0.009
christian yelich,Christian Yelich,0.001,0.008
rafael devers,Rafael Devers,0.001,-0.007
hunter goodman,Hunter Goodman,0.001,-0.019
wade meckler,Wade Meckler,0.0,0.011
shohei ohtani,Shohei Ohtani,0.0,0.004
george springer,George Springer,0.0,-0.001
giancarlo stanton,Giancarlo Stanton,0.0,-0.007
marcell ozuna,Marcell Ozuna,0.0,-0.008
yandy diaz,Yandy Diaz,0.0,-0.011
brent rooker,Brent Rooker,-0.001,0.005
drew romo,Drew Romo,-0.001,0.001
ozzie albies,Ozzie Albies,-0.001,-0.009
munetaka murakami,Munetaka Murakami,-0.001,-0.02
hyeseong kim,Hyeseong Kim,-0.002,0.025
james outman,James Outman,-0.002,0.013
blake perkins,Blake Perkins,-0.002,0.004
taylor ward,Taylor Ward,-0.002,-0.022
vinnie pasquantino,Vinnie Pasquantino,-0.003,0.0
jeremy pena,Jeremy Pena,-0.003,0.024
brett baty,Brett Baty,-0.003,0.005
heriberto hernandez,Heriberto Hernandez,-0.003,-0.004
shea langeliers,Shea Langeliers,-0.003,-0.004
garrett mitchell,Garrett Mitchell,-0.003,-0.006
miguel vargas,Miguel Vargas,-0.004,0.005
adrian del castillo,Adrian Del Castillo,-0.004,-0.006
luis robert,Luis Robert,-0.004,-0.017
joc pederson,Joc Pederson,-0.005,-0.005
josh bell,Josh Bell,-0.005,-0.01
kyle manzardo,Kyle Manzardo,-0.005,-0.011
elias diaz,Elias Diaz,-0.005,-0.026
edmundo sosa,Edmundo Sosa,-0.005,0.01
brandon nimmo,Brandon Nimmo,-0.005,0.0
jonathan aranda,Jonathan Aranda,-0.005,-0.014
zach dezenzo,Zach Dezenzo,-0.006,0.014
tyrone taylor,Tyrone Taylor,-0.006,-0.015
ramon urias,Ramon Urias,-0.006,-0.017
ryan jeffers,Ryan Jeffers,-0.007,-0.01
samuel basallo,Samuel Basallo,-0.007,-0.011
aj ewing,A.J. Ewing,-0.007,-0.005
jeremiah jackson,Jeremiah Jackson,-0.008,-0.007
ben williamson,Ben Williamson,-0.009,0.017
mickey moniak,Mickey Moniak,-0.009,0.006
luis rengifo,Luis Rengifo,-0.009,-0.01
kyle schwarber,Kyle Schwarber,-0.009,-0.01
teoscar hernandez,Teoscar Hernandez,-0.009,0.003
jac caglianone,Jac Caglianone,-0.009,0.002
nick kurtz,Nick Kurtz,-0.009,-0.001
brandon marsh,Brandon Marsh,-0.01,0.001
andrew vaughn,Andrew Vaughn,-0.01,-0.009
jose tena,Jose Tena,-0.011,0.009
ryan vilade,Ryan Vilade,-0.011,0.007
lourdes gurriel,Lourdes Gurriel,-0.011,0.004
david hamilton,David Hamilton,-0.012,0.025
julio rodriguez,Julio Rodriguez,-0.012,0.009
marcelo mayer,Marcelo Mayer,-0.012,0.002
josh naylor,Josh Naylor,-0.013,0.001
alec burleson,Alec Burleson,-0.013,0.001
jakob marsee,Jakob Marsee,-0.013,-0.002
david fry,David Fry,-0.013,-0.005
tyler stephenson,Tyler Stephenson,-0.013,-0.016
lenyn sosa,Lenyn Sosa,-0.014,0.001
carter jensen,Carter Jensen,-0.014,-0.001
esteury ruiz,Esteury Ruiz,-0.015,0.072
jake fraley,Jake Fraley,-0.015,0.015
randal grichuk,Randal Grichuk,-0.015,0.004
nick fortes,Nick Fortes,-0.015,-0.01
josh jung,Josh Jung,-0.015,-0.014
austin riley,Austin Riley,-0.016,0.005
tyler soderstrom,Tyler Soderstrom,-0.016,-0.009
gavin sheets,Gavin Sheets,-0.017,-0.002
samad taylor,Samad Taylor,-0.017,0.021
rob refsnyder,Rob Refsnyder,-0.017,-0.004
spencer horwitz,Spencer Horwitz,-0.017,-0.012
jonah heim,Jonah Heim,-0.018,-0.002
nick gonzales,Nick Gonzales,-0.018,-0.003
masataka yoshida,Masataka Yoshida,-0.019,-0.001
kyle tucker,Kyle Tucker,-0.019,0.009
davis schneider,Davis Schneider,-0.019,0.004
matt vierling,Matt Vierling,-0.019,-0.006
troy johnston,Troy Johnston,-0.019,-0.017
drew millas,Drew Millas,-0.019,-0.02
jose caballero,Jose Caballero,-0.02,0.018
spencer steer,Spencer Steer,-0.02,0.008
luis campusano,Luis Campusano,-0.02,-0.001
adam frazier,Adam Frazier,-0.021,-0.003
hunter feduccia,Hunter Feduccia,-0.022,-0.013
drew gilbert,Drew Gilbert,-0.023,-0.019
haseong kim,Ha-Seong Kim,-0.024,-0.006
jorge polanco,Jorge Polanco,-0.024,-0.008
jake mccarthy,Jake McCarthy,-0.025,0.022
blaze alexander,Blaze Alexander,-0.025,0.01
bryan reynolds,Bryan Reynolds,-0.025,0.005
ronny mauricio,Ronny Mauricio,-0.025,-0.003
heliot ramos,Heliot Ramos,-0.025,-0.001
isaac collins,Isaac Collins,-0.025,-0.017
max schuemann,Max Schuemann,-0.026,0.015
michael conforto,Michael Conforto,-0.027,0.003
bryce eldridge,Bryce Eldridge,-0.027,-0.023
jasson dominguez,Jasson Dominguez,-0.027,0.028
colt emerson,Colt Emerson,-0.027,0.008
jordan walker,Jordan Walker,-0.027,0.001
andrew benintendi,Andrew Benintendi,-0.027,-0.005
jeff mcneil,Jeff McNeil,-0.027,-0.013
willi castro,Willi Castro,-0.027,-0.014
mickey gasper,Mickey Gasper,-0.027,-0.017
james wood,James Wood,-0.028,0.013
kyle higashioka,Kyle Higashioka,-0.029,-0.011
randy arozarena,Randy Arozarena,-0.029,0.015
vaughn grissom,Vaughn Grissom,-0.029,-0.003
joey bart,Joey Bart,-0.029,-0.007
carson kelly,Carson Kelly,-0.031,-0.013
royce lewis,Royce Lewis,-0.031,0.017
bo naylor,Bo Naylor,-0.031,0.003
dane myers,Dane Myers,-0.032,0.02
trent grisham,Trent Grisham,-0.032,-0.003
trevor larnach,Trevor Larnach,-0.033,-0.004
bryce harper,Bryce Harper,-0.033,-0.013
luisangel acuna,Luisangel Acuna,-0.034,0.029
travis bazzana,Travis Bazzana,-0.035,0.021
juan soto,Juan Soto,-0.035,-0.004
ivan herrera,Ivan Herrera,-0.035,-0.006
jorge soler,Jorge Soler,-0.035,-0.014
justin crawford,Justin Crawford,-0.036,0.013
marcus semien,Marcus Semien,-0.036,0.004
jung hoo lee,Jung Hoo Lee,-0.036,0.003
ryan ohearn,Ryan O'Hearn,-0.036,-0.017
leody taveras,Leody Taveras,-0.037,0.017
ernie clement,Ernie Clement,-0.037,-0.007
miguel andujar,Miguel Andujar,-0.037,-0.01
victor caratini,Victor Caratini,-0.038,-0.019
drake baldwin,Drake Baldwin,-0.039,-0.01
tyler oneill,Tyler O'Neill,-0.039,-0.001
jo adell,Jo Adell,-0.04,0.001
haoyu lee,Hao-Yu Lee,-0.04,-0.024
connor wong,Connor Wong,-0.041,-0.022
jackson holliday,Jackson Holliday,-0.041,0.004
coby mayo,Coby Mayo,-0.041,0.003
trea turner,Trea Turner,-0.042,0.021
jarred kelenic,Jarred Kelenic,-0.042,-0.036
christopher morel,Christopher Morel,-0.044,0.004
konnor griffin,Konnor Griffin,-0.045,0.061
trevor story,Trevor Story,-0.045,0.021
jake cronenworth,Jake Cronenworth,-0.045,0.009
james mccann,James McCann,-0.045,-0.004
edgar quero,Edgar Quero,-0.045,-0.007
richie palacios,Richie Palacios,-0.046,-0.005
alec bohm,Alec Bohm,-0.046,-0.007
zach neto,Zach Neto,-0.046,-0.011
mike trout,Mike Trout,-0.047,0.005
francisco alvarez,Francisco Alvarez,-0.047,-0.004
lane thomas,Lane Thomas,-0.047,0.001
mitch garver,Mitch Garver,-0.047,-0.007
brett sullivan,Brett Sullivan,-0.049,-0.003
kyle teel,Kyle Teel,-0.049,0.008
edouard julien,Edouard Julien,-0.05,-0.011
nelson velazquez,Nelson Velazquez,-0.051,-0.004
wenceel perez,Wenceel Perez,-0.052,0.013
endy rodriguez,Endy Rodriguez,-0.052,-0.007
spencer jones,Spencer Jones,-0.053,0.007
ronald acuna,Ronald Acuna,-0.053,0.004
salvador perez,Salvador Perez,-0.053,-0.01
ben rice,Ben Rice,-0.054,-0.004
yainer diaz,Yainer Diaz,-0.054,-0.017
sam antonacci,Sam Antonacci,-0.055,0.005
luke raley,Luke Raley,-0.055,-0.001
jose fermin,Jose Fermin,-0.055,0.009
brooks lee,Brooks Lee,-0.059,-0.004
jake bauers,Jake Bauers,-0.059,0.012
jonathan india,Jonathan India,-0.061,0.004
spencer torkelson,Spencer Torkelson,-0.061,-0.009
dalton rushing,Dalton Rushing,-0.062,0.0
brady house,Brady House,-0.063,-0.008
willy adames,Willy Adames,-0.063,-0.014
rhys hoskins,Rhys Hoskins,-0.063,-0.015
taylor trammell,Taylor Trammell,-0.063,0.009
tristan gray,Tristan Gray,-0.063,0.0
carlos cortes,Carlos Cortes,-0.063,-0.011
oneil cruz,Oneil Cruz,-0.065,0.033
luke keaschall,Luke Keaschall,-0.065,0.015
lawrence butler,Lawrence Butler,-0.065,-0.007
curtis mead,Curtis Mead,-0.065,-0.007
junior caminero,Junior Caminero,-0.065,-0.01
jesus sanchez,Jesus Sanchez,-0.066,-0.009
yordan alvarez,Yordan Alvarez,-0.067,-0.015
nicky lopez,Nicky Lopez,-0.067,0.008
dylan beavers,Dylan Beavers,-0.068,0.001
nick loftin,Nick Loftin,-0.069,0.001
yohendrick pinango,Yohendrick Pinango,-0.069,-0.005
josh smith,Josh Smith,-0.072,-0.007
nathaniel lowe,Nathaniel Lowe,-0.072,-0.009
jose altuve,Jose Altuve,-0.073,-0.012
mark vientos,Mark Vientos,-0.075,-0.01
javier baez,Javier Baez,-0.077,-0.01
jp crawford,J.P. Crawford,-0.079,-0.015
kerry carpenter,Kerry Carpenter,-0.083,-0.008
tyler freeman,Tyler Freeman,-0.083,-0.013
logan ohoppe,Logan O'Hoppe,-0.085,-0.017
cj abrams,CJ Abrams,-0.085,0.012
leo jimenez,Leo Jimenez,-0.085,-0.001
brendan donovan,Brendan Donovan,-0.086,-0.008
owen caissie,Owen Caissie,-0.087,0.003
eugenio suarez,Eugenio Suarez,-0.087,-0.013
alejandro osuna,Alejandro Osuna,-0.092,-0.009
gary sanchez,Gary Sanchez,-0.095,-0.013
nick castellanos,Nick Castellanos,-0.099,0.005
matt wallner,Matt Wallner,-0.099,-0.011
yoan moncada,Yoan Moncada,-0.1,0.0
agustin ramirez,Agustin Ramirez,-0.106,0.007
amed rosario,Amed Rosario,-0.117,-0.001
eloy jimenez,Eloy Jimenez,-0.0176246,-0.0035165
brian navarreto,Brian Navarreto,0.0842516,-0.0010666
steward berroa,Steward Berroa,0.0760075,0.01227908
nick madrigal,Nick Madrigal,0.0724025,-0.0092063
bryce teodosio,Bryce Teodosio,0.07132,0.01298789
addison barger,Addison Barger,0.05814816,-0.0043272
joshua kurodagrauer,Joshua Kuroda-Grauer,0.0563614,-0.0119756
michael siani,Michael Siani,0.05342838,0.01017827
jared oliva,Jared Oliva,0.05322378,0.03479649
michael stefanic,Michael Stefanic,0.052942,-0.0134794
vidal brujan,Vidal Brujan,0.05024079,-0.0200094
sean murphy,Sean Murphy,0.05016788,-0.0041905
jorge barrosa,Jorge Barrosa,0.04954398,-0.00387
brian serven,Brian Serven,0.04816174,-0.0018256
will wilson,Will Wilson,0.04813114,-0.00422
ryan ward,Ryan Ward,0.04726177,-0.003202
oliver dunn,Oliver Dunn,0.04710872,0.00468626
ryan bliss,Ryan Bliss,0.04512162,-0.0062628
rikuu nishida,Rikuu Nishida,0.0438308,-0.0006054
nate eaton,Nate Eaton,0.04366648,0.01334904
braden montgomery,Braden Montgomery,0.042825,-0.0123442
pedro ramirez,Pedro Ramirez,0.04234243,0.00378743
ivan johnson,Ivan Johnson,0.04232313,0.00314813
brett harris,Brett Harris,0.04113811,-0.0036763
andres chaparro,Andres Chaparro,0.04093099,-0.0021067
parker meadows,Parker Meadows,0.04036417,0.0182
sung mun song,Sung Mun Song,0.04032022,0.02
petey halpin,Petey Halpin,0.03959137,0.01273756
denzel clarke,Denzel Clarke,0.03943208,0.01241415
ryan ritter,Ryan Ritter,0.03878575,-0.0021018
sam huff,Sam Huff,0.03873,-0.0033855
ali sanchez,Ali Sanchez,0.03827727,-0.0046423
luis lara,Luis Lara,0.03776826,-0.0006859
buddy kennedy,Buddy Kennedy,0.03635682,-0.00568
ben malgeri,Ben Malgeri,0.03578349,-0.0077028
romy gonzalez,Romy Gonzalez,0.03500302,-0.0045346
tyler tolbert,Tyler Tolbert,0.03440013,0.02785553
alan roden,Alan Roden,0.03424649,3.63e-05
jacob gonzalez,Jacob Gonzalez,0.03267095,-0.0016033
deyvison de los santos,Deyvison De Los Santos,0.03244949,-0.0034719
bryce johnson,Bryce Johnson,0.03177943,0.01283371
luis matos,Luis Matos,0.03117644,0.00472942
jordan lawlar,Jordan Lawlar,0.03075659,0.0263
tanner murray,Tanner Murray,0.02971132,-0.005258
brewer hicklen,Brewer Hicklen,0.02900416,0.02109474
jose azocar,Jose Azocar,0.02885156,0.00790051
jonatan clase,Jonatan Clase,0.0288014,0.0143
rodolfo duran,Rodolfo Duran,0.02721706,-0.0010682
jonah cox,Jonah Cox,0.02717891,0.02723125
hayden senger,Hayden Senger,0.0269,-0.0049271
max kepler,Max Kepler,0.02676511,-0.0003831
gabriel rincones,Gabriel Rincones,0.02639948,-0.0005439
blaze jordan,Blaze Jordan,0.02630463,-0.0042458
miles mastrobuoni,Miles Mastrobuoni,0.02587689,0.00314096
maverick handley,Maverick Handley,0.02541045,-0.0075913
sam haggerty,Sam Haggerty,0.02334648,0.01212227
travis darnaud,Travis d'Arnaud,0.02309926,-0.0037022
drew cavanaugh,Drew Cavanaugh,0.02301864,-0.0042901
jase bowen,Jase Bowen,0.02289288,0.01588455
jair camargo,Jair Camargo,0.02172275,-0.0038385
lujames groover,LuJames Groover,0.0206683,-0.0074987
davis wendzel,Davis Wendzel,0.01992441,-0.00443
jace jung,Jace Jung,0.01898038,-0.0069
jeferson quero,Jeferson Quero,0.0188794,-0.0005723
shay whitcomb,Shay Whitcomb,0.01819429,0.00256723
tsungche cheng,Tsung-Che Cheng,0.01674118,-0.0250108
junior perez,Junior Perez,0.01598783,-0.0052972
jack brannigan,Jack Brannigan,0.01490191,0.00777477
chad stevens,Chad Stevens,0.01448259,-0.0034345
christian koss,Christian Koss,0.01367237,-0.0033695
griffin conine,Griffin Conine,0.01358397,0.00179386
abimelec ortiz,Abimelec Ortiz,0.01290069,-0.0089999
alika williams,Alika Williams,0.01196275,-0.0109
daniel johnson,Daniel Johnson,0.01172234,-0.0016166
esmerlyn valdez,Esmerlyn Valdez,0.0114,-0.0135705
justin dean,Justin Dean,0.01121659,0.00745
nick solak,Nick Solak,0.01107189,-0.002321
kahlil watson,Kahlil Watson,0.01096098,0.02010328
dylan carlson,Dylan Carlson,0.00882608,-0.0043414
luke williams,Luke Williams,0.00824594,0.01935452
nick yorke,Nick Yorke,0.00778072,-0.0034655
braxton fulford,Braxton Fulford,0.00708718,0.01121464
zack short,Zack Short,0.00662301,-0.005268
denzer guzman,Denzer Guzman,0.00616,-0.0070589
chuckie robinson,Chuckie Robinson,0.00598973,-0.0054213
jerar encarnacion,Jerar Encarnacion,0.00548083,-0.00238
jim jarvis,Jim Jarvis,0.00445209,-0.0048582
nick sogard,Nick Sogard,0.00428,-0.0024205
garrett stubbs,Garrett Stubbs,0.00398,-0.0045653
sandy leon,Sandy Leon,0.00347511,-0.0007389
alex jackson,Alex Jackson,0.00156328,-0.00234
luken baker,Luken Baker,-0.0001701,-0.0043387
aramis garcia,Aramis Garcia,-0.0002445,-0.0013664
bryan torres,Bryan Torres,-0.0003654,0.00124949
cesar salazar,Cesar Salazar,-0.0013137,-0.0045265
lamonte wade,LaMonte Wade,-0.0021084,-0.0004844
everson pereira,Everson Pereira,-0.0022484,0.00263164
billy cook,Billy Cook,-0.0024584,0.00665261
colby thomas,Colby Thomas,-0.002801,-0.0058753
michael helman,Michael Helman,-0.0030666,0.00497713
john rave,John Rave,-0.0030696,0.0040407
trey mancini,Trey Mancini,-0.0034053,-0.006382
nick morabito,Nick Morabito,-0.0040312,-0.0044734
will brennan,Will Brennan,-0.0040856,-0.0066399
kameron misner,Kameron Misner,-0.0041343,0.01015891
gabriel gonzalez,Gabriel Gonzalez,-0.0048354,-0.0076053
dustin harris,Dustin Harris,-0.0049907,0.02228056
ryan mountcastle,Ryan Mountcastle,-0.0051627,-0.0001584
sebastian rivero,Sebastian Rivero,-0.00629,-0.0044191
kyle farmer,Kyle Farmer,-0.0073001,-0.0073285
greg jones,Greg Jones,-0.007301,0.01098016
charles mcadoo,Charles McAdoo,-0.0073249,0.00676539
carson williams,Carson Williams,-0.0075466,-0.0044824
grant mccray,Grant McCray,-0.0075502,0.0219
eduardo valencia,Eduardo Valencia,-0.0079227,-0.0047088
felix reyes,Felix Reyes,-0.0094242,-0.0023112
stuart fairchild,Stuart Fairchild,-0.0099347,0.01588648
scott kingery,Scott Kingery,-0.0100635,0.01455403
sean keys,Sean Keys,-0.0107014,-0.0019
austin wynns,Austin Wynns,-0.011056,-0.0025377
luis urias,Luis Urias,-0.0114488,-0.0035547
oswaldo cabrera,Oswaldo Cabrera,-0.0129128,-0.0020796
jimmy crooks,Jimmy Crooks,-0.0136241,-0.0033053
eric wagaman,Eric Wagaman,-0.0140458,-0.0048376
kevin alcantara,Kevin Alcantara,-0.0150542,-0.0121375
yohel pozo,Yohel Pozo,-0.0162677,-0.0044304
carlos santana,Carlos Santana,-0.0166052,0.00084988
tommy pham,Tommy Pham,-0.0168847,1.96e-05
jhonny pereda,Jhonny Pereda,-0.0170532,-0.00407
rece hinds,Rece Hinds,-0.0187663,0.000786
logan porter,Logan Porter,-0.0195245,-0.0030489
rowdy tellez,Rowdy Tellez,-0.0207092,-0.0020305
chadwick tromp,Chadwick Tromp,-0.0213677,-0.0018179
jj bleday,JJ Bleday,-0.0215001,-0.0103768
pj higgins,P.J. Higgins,-0.021695,-0.006434
tyler black,Tyler Black,-0.0220962,0.00659649
blake hunt,Blake Hunt,-0.0228961,-0.0016058
luke maile,Luke Maile,-0.0248998,0.00232198
sterlin thompson,Sterlin Thompson,-0.025132,-0.0047595
andy ibanez,Andy Ibanez,-0.0272596,-0.0019381
reese mcguire,Reese McGuire,-0.0274479,-0.0022231
connor joe,Connor Joe,-0.0274562,0.00291713
cody freeman,Cody Freeman,-0.0296816,-0.00481
dylan moore,Dylan Moore,-0.0306404,0.01083574
jhostynxon garcia,Jhostynxon Garcia,-0.0306659,-0.0022209
collin price,Collin Price,-0.0325261,-0.00221
tyler callihan,Tyler Callihan,-0.0326058,0.0037
patrick wisdom,Patrick Wisdom,-0.0328571,-0.00168
donovan walton,Donovan Walton,-0.0332179,-0.0053236
cesar prieto,Cesar Prieto,-0.035713,-0.0154686
austin hays,Austin Hays,-0.0361229,-0.00972
johnathan rodriguez,Johnathan Rodriguez,-0.0366357,-0.0077
josh rojas,Josh Rojas,-0.0377017,0.00109014
christian moore,Christian Moore,-0.0387207,-0.0142897
eric haase,Eric Haase,-0.03903,-0.0017805
will wagner,Will Wagner,-0.0407019,-0.0070623
braden shewmake,Braden Shewmake,-0.0408841,0.0036
enrique hernandez,Enrique Hernandez,-0.0426823,-0.0056099
juan brito,Juan Brito,-0.043529,-0.0096545
victor bericoto,Victor Bericoto,-0.0455367,-0.0187143
cj kayfus,CJ Kayfus,-0.048007,-0.0036041
anthony seigler,Anthony Seigler,-0.0489548,0.01020212
trei cruz,Trei Cruz,-0.0527997,-0.0089763
eliezer alfonzo,Eliezer Alfonzo,-0.0531463,-0.0074433
george valera,George Valera,-0.0538128,-0.0056813
kyler fedko,Kyler Fedko,-0.0609465,-0.0069747
raynel delgado,Raynel Delgado,-0.0609589,0.002549
cameron cauley,Cameron Cauley,-0.0639346,0.00427424
weston wilson,Weston Wilson,-0.0643018,0.00491716
omar martinez,Omar Martinez,-0.0658894,-0.0057127
cooper ingle,Cooper Ingle,-0.0691949,-0.0094379
joey meneses,Joey Meneses,-0.0704093,-0.0034547
noelvi marte,Noelvi Marte,-0.0712608,0.00365689
jesus rodriguez,Jesus Rodriguez,-0.0728647,-0.00986
andruw monasterio,Andruw Monasterio,-0.0778246,-0.0127663
gage workman,Gage Workman,-0.0824933,-0.0011
rafael flores,Rafael Flores,-0.0895627,-0.0014547
otto kemp,Otto Kemp,-0.0944185,-0.0056671
jeimer candelario,Jeimer Candelario,-0.0968097,-0.0066697
christian franklin,Christian Franklin,-0.0449492,-0.0045055
kristian robinson,Kristian Robinson,-0.0538983,0.00398256
walker jenkins,Walker Jenkins,-0.0572583,0.0058273
andrew pintar,Andrew Pintar,-0.0637419,0.00915858
jacob berry,Jacob Berry,-0.0756702,0.00036128
riley adams,Riley Adams,-0.104,-0.0014231
name,Name,,
triston casas,Triston Casas,-0.0125533,-0.0070216
justynhenry malloy,Justyn-Henry Malloy,-0.0178397,-0.00835
leo de vries,Leo De Vries,-0.0219375,-0.0114919
kristian campbell,Kristian Campbell,-0.0247139,-0.0065164
gavin lux,Gavin Lux,-0.0250924,-0.0058322
tyler wade,Tyler Wade,-0.0257727,0.005745
jose miranda,Jose Miranda,-0.0272432,-0.0066026
cavan biggio,Cavan Biggio,-0.0280094,-0.008089
gustavo campero,Gustavo Campero,-0.0292979,0.00616195
adael amador,Adael Amador,-0.0294051,-0.006237
bryan de la cruz,Bryan De La Cruz,-0.0308571,-0.0011883
kemp alderman,Kemp Alderman,-0.0319091,-0.0123236
mark canha,Mark Canha,-0.032076,-0.0002013
akil baddoo,Akil Baddoo,-0.033,0.00841827
jett williams,Jett Williams,-0.0420457,-0.0007957
korey lee,Korey Lee,-0.0432,-0.0012855
andrew knizner,Andrew Knizner,-0.04752,-0.0108297
matt thaiss,Matt Thaiss,-0.059,-0.0010376
matthew lugo,Matthew Lugo,-0.0605508,-0.0091539
tom murphy,Tom Murphy,-0.1317362,-0.0057779
jordan westburg,Jordan Westburg,0.03311151,-0.0063556
harry ford,Harry Ford,0.0,-0.0076405
max clark,Max Clark,0.02234,0.00449512
jon berti,Jon Berti,0.04466864,0.02127559
jesse winker,Jesse Winker,0.0,-0.0034055
emmanuel rodriguez,Emmanuel Rodriguez,0.01112954,-8.42e-05
kaelen culpepper,Kaelen Culpepper,0.02032,0.00274776
thairo estrada,Thairo Estrada,0.03206467,-0.0067913
tyler austin,Tyler Austin,0.0,-0.0012219
jose iglesias,Jose Iglesias,-0.0041671,-0.0046042
blaine crim,Blaine Crim,0.00746142,-0.0054578
dom keegan,Dom Keegan,0.0251595,-0.0061263
mike tauchman,Mike Tauchman,0.00657615,-0.0056574
tyler locklear,Tyler Locklear,0.00104878,0.00096175
johan rojas,Johan Rojas,0.0679025,0.02618813
jacob melton,Jacob Melton,0.019093,0.01448665
gio urshela,Gio Urshela,0.00811593,-0.0102424
anthony santander,Anthony Santander,0.0,-0.0044681
brock wilken,Brock Wilken,0.00776774,-0.0044656
nelson rada,Nelson Rada,0.0175172,0.00251483
aidan miller,Aidan Miller,-0.0056,0.0047998
heston kjerstad,Heston Kjerstad,0.0,-0.0067338
mason mccoy,Mason McCoy,0.0727765,0.00373003
justin turner,Justin Turner,-0.0007083,-0.0073022
rj schreck,RJ Schreck,0.02327273,-0.0043601
yohandy morales,Yohandy Morales,0.0286774,-0.0068293
chas mccormick,Chas McCormick,0.02335135,-0.0043808
george lombard,George Lombard,0.0,0.00187826
robert hasselli,Robert HassellI,-0.0075804,0.001027
tre morgan,Tre' Morgan,0.02443183,-0.0103067
luis vazquez,Luis Vazquez,0.02215383,-0.0117873
christian cairo,Christian Cairo,0.0385715,0.00693785
william bergolla,William Bergolla,0.02472728,0.00830775
willie maciver,Willie MacIver,0.0218182,0.00058254
maximo acosta,Maximo Acosta,0.01403078,-0.0038646
manuel margot,Manuel Margot,0.0,-0.0068584
josh kasevich,Josh Kasevich,-0.007604,-0.0052333
max anderson,Max Anderson,0.0524127,-0.0118
kyren paris,Kyren Paris,0.00244231,0.0161479
joshua baez,Joshua Baez,0.0488136,0.0240508
christian encarnacionstrand,Christian Encarnacion-Strand,-0.0164404,-0.0110994
tyler fitzgerald,Tyler Fitzgerald,0.036864,0.00556384
tomas nido,Tomas Nido,0.0429054,-0.0070977
trey sweeney,Trey Sweeney,0.024384,0.00067691
jonah bride,Jonah Bride,0.0354286,-0.0176643
dominic fletcher,Dominic Fletcher,0.0691696,-0.0108459
tim elko,Tim Elko,0.0181677,-0.0026581
cristian pache,Cristian Pache,0.108936,-0.0087331
vimael machin,Vimael Machin,0.0141111,-0.0039421
shane mcguire,Shane McGuire,0.0176552,-0.0059276
chris taylor,Chris Taylor,-0.0013093,-0.0013637
aj vukovich,A.J. Vukovich,0.03736067,-0.0068526
ben rortvedt,Ben Rortvedt,-0.0058851,-0.0149071
matt koperniak,Matt Koperniak,0.0509919,-0.0091336
dairon blanco,Dairon Blanco,0.0,0.0462613
seby zavala,Seby Zavala,0.0145823,-0.0023269
brandon drury,Brandon Drury,0.0,-0.0092388
james triantos,James Triantos,-0.0184407,0.011178
jared serna,Jared Serna,0.00279781,-0.0101876
garrett hampson,Garrett Hampson,0.006263,0.00565
austin barnes,Austin Barnes,-0.0116364,-0.0007169
jose herrera,Jose Herrera,0.0048,-0.0077938
hector rodriguez,Hector Rodriguez,0.0125315,-0.0100869
ethan murray,Ethan Murray,0.00379412,9.51e-05
jesus valdez,Jesus Valdez,0.0086,-0.0291568
zac veen,Zac Veen,-0.0047294,0.00291062
charlie condon,Charlie Condon,0.01710611,-0.011324
wilmer flores,Wilmer Flores,0.0,-0.0064869
