name,team,pa,power,eye,barrel,hh,osw,zsw,swstr,zone,heart_rv,shadow_rv,chase_rv,waste_rv
Luke Raley,,287,32.11,11.17,15.7,47.1,34.6,76.7,22.1,46.3,-1.3080629734747076,-8.444142134178264,2.661832108888944,3.036361251176612
Ernie Clement,,621,5.69,-0.3,2.0,20.8,44.4,72.1,8.7,46.9,-18.478454742548305,-16.334150218884957,9.602783350321527,5.552281123755509
Jonny DeLuca,,370,11.25,4.3,3.6,30.2,35.9,71.1,13.2,48.3,1.1417289506273511,-9.547801275519587,6.506903976217053,2.7368084382754807
Nick Sogard,,277,12.04,6.36,4.8,28.6,24.5,56.7,8.1,47.9,-8.524217451011769,-4.857194279827939,8.56532089833904,4.860967662939459
Bryan De La Cruz,,86,17.11,8.18,5.1,40.7,32.8,69.3,12.4,46.0,0.08652658999477625,-3.535245873273431,2.1334365696358635,2.2312910144523226
Fernando Tatis Jr.,,704,31.23,11.06,12.7,53.9,26.4,67.8,11.9,47.6,5.094423350667419,-11.487261026802244,23.330556951401714,11.156152340151626
Yoán Moncada,,130,20.26,5.77,7.7,40.9,21.1,56.6,11.2,50.2,-6.609495405928867,-4.710852386122489,4.448100491960203,2.9057963050565103
Ryan Jeffers,,369,23.21,6.72,10.2,40.9,26.2,56.4,7.0,47.3,1.0997716488789586,-12.126178692914861,13.792139900552906,7.377413980582671
Kyle Higashioka,,186,20.11,3.69,8.5,38.1,31.1,58.3,11.6,48.2,-1.3811320769213937,-8.24552639476209,3.113484587506609,4.579825975932633
Luke Maile,,48,9.53,3.48,3.3,26.7,30.4,56.4,11.3,48.0,-2.969980395544359,-1.9683212275353363,0.9793774242491766,0.6626078879782427
César Salazar,,22,8.21,11.85,0.0,33.3,27.8,65.8,6.3,43.2,-2.796868311033991,-0.8440452511411809,0.883442333444834,0.6676600042906528
Ty France,,500,24.44,10.36,9.1,47.4,34.5,77.0,15.3,46.6,9.743946327689144,-4.795446412877051,9.28819193968116,11.332666100854853
Spencer Torkelson,,612,26.0,12.98,12.2,42.0,21.5,65.0,13.7,47.8,-4.799741192046417,-26.11579792801513,21.54887773487978,16.316334841608363
Brent Rooker,,202,29.85,10.82,15.5,41.9,31.0,71.2,19.1,46.5,-3.7641575738949773,-8.575804693777597,4.537644635941241,2.9848076771104752
Victor Robles,,149,5.03,7.24,1.7,20.0,36.1,76.0,11.8,46.1,-5.4862857091309865,-4.574566712959668,3.4525109852404476,1.9334814849003576
Mark Vientos,,295,23.71,6.45,9.7,43.7,35.2,74.3,16.8,47.8,-8.794356287652187,-6.27368124214254,2.6192805441602727,3.745884670905044
Liam Hicks,,554,10.16,6.99,3.7,27.1,26.6,58.8,4.8,46.9,-7.791632981517987,-6.836527284043204,17.444068684296067,11.897352572203731
Hao-Yu Lee,,364,21.36,6.8,8.5,41.3,29.1,65.9,12.8,48.4,-0.28019806423030064,-7.399310836820116,7.025326665177164,4.959964408112291
Carson Benge,,654,18.97,5.66,7.3,38.8,28.0,63.9,9.8,49.6,1.679014053165551,-16.861060734752257,20.436718657822723,11.121173324796539
Kaelen Culpepper,,128,11.36,2.57,3.4,31.1,42.8,67.0,14.3,46.2,1.0991280093395686,-4.38189051905431,1.7460449363911148,2.849193319648777
Masataka Yoshida,,297,14.79,4.13,3.4,39.9,28.1,58.2,6.6,48.1,-6.600056958606493,-5.674779189941308,7.978044997053107,6.235920767558736
Victor Caratini,,382,17.47,5.26,6.3,38.0,25.9,58.6,9.6,48.9,-8.068556022784193,-17.677057586311033,10.140524448838438,7.746529756935339
Yohendrick Piñango,,180,22.44,2.13,8.0,45.6,35.2,67.2,13.0,49.1,-6.5601488091270355,-1.5394507095108352,0.7869974099567368,3.4961968254856806
Dillon Dingler,,607,24.06,6.1,10.1,43.4,33.4,65.0,10.8,46.9,-0.40614696462399974,-10.446915522910494,11.185864761040357,8.541276861707521
Garrett Mitchell,,531,29.58,11.31,11.7,52.7,22.7,66.3,15.7,48.6,-10.685017947084086,-10.969707992470711,17.682408201687267,9.137348884164872
Hayden Senger,,17,4.23,7.76,0.0,23.1,46.7,83.4,20.4,44.4,-1.3857085648046743,0.2770146219506856,0.033818639715629456,0.3461745476438325
Michael Massey,,452,17.75,1.01,6.2,39.0,38.8,69.0,10.4,48.7,-0.719272052902475,-13.549673964386686,7.49674086754329,5.686624898917604
Santiago Espinal,,60,9.83,-0.37,2.0,31.4,34.2,65.5,9.4,50.4,-0.034078038357693144,-3.7261695316270944,0.4607348720242523,0.6002487479546026
Nate Eaton,,60,14.82,11.12,5.9,32.4,29.1,70.8,15.3,46.0,-5.1576127028259,-0.5320505247133174,2.6585289221611523,1.2191021311084111
Dominic Canzone,,533,27.13,5.67,12.2,44.9,34.5,61.9,12.5,46.7,3.8983071500882187,-7.725553757017348,8.142089186951512,8.431895105780898
Andrew Vaughn,,331,18.2,8.08,5.1,43.5,23.5,55.0,7.5,47.0,-6.09294315139486,1.0948729333667413,9.953617096545042,8.681565536318043
Brice Matthews,,233,19.45,8.18,8.5,36.4,25.5,68.0,16.8,49.6,-8.681220160400192,-15.921616093293872,6.731158651055308,3.591664843927272
Jhonny Pereda,,101,16.46,7.53,2.9,45.7,24.2,71.7,10.7,49.9,-4.791063015727348,-1.3989162890597515,3.7689772368893464,2.0289216571939956
Austin Martin,,358,9.8,9.38,3.0,28.3,18.0,62.4,8.0,49.5,-11.202488486032115,-18.526697397324984,17.07919536878131,8.08871418671636
Scott Bandura,,30,4.97,1.55,0.0,25.0,40.9,64.5,20.3,48.4,-1.451293415734693,-1.2596831029534823,0.24075302938331494,0.057740851327984816
Orlando Arcia,,50,7.92,5.32,2.5,25.0,34.8,69.7,11.3,47.0,0.6724603314405215,-1.3726851168771859,-0.01680371895767583,0.4881505636246612
Kyle Karros,,475,21.04,13.21,8.3,41.1,24.8,67.3,10.9,45.7,-1.0135053093214,-18.95735591027544,14.471482160597548,11.855722595227093
John Rave,,161,21.22,4.92,10.5,34.9,27.4,57.6,10.2,48.4,0.5864004292679206,-6.749231884960049,3.1585009455228876,3.0390580137912697
Ronny Mauricio,,62,28.41,2.41,15.4,38.5,50.8,71.5,18.2,44.5,5.191036666069803,-3.8435526510293436,-1.7838658236966989,0.45726479270926607
Jose Siri,,251,27.49,5.39,13.2,42.8,40.2,69.2,19.8,46.6,-1.4223488331494492,-6.0512348819633175,1.5341174286261248,2.912574022324412
Junior Caminero,,702,30.06,13.08,13.1,49.7,30.5,62.8,10.7,43.1,-1.8720818743174021,4.346811004918481,17.051071157127776,14.610277215114376
José Ramírez,,544,15.19,8.86,4.1,38.8,28.5,65.2,6.9,46.1,-5.933754210993481,-25.493998433530987,17.479824275169513,11.379730342143317
Trevor Larnach,,433,18.38,7.36,7.5,36.7,29.7,60.3,11.8,47.0,-3.3299053652907844,-4.965101701225659,13.151986137887464,9.048081936072917
Connor Norby,,383,18.31,10.91,7.6,36.2,28.1,75.3,14.7,47.7,-3.1529392634271036,-15.05000997449567,6.7084387634839,10.455203215035414
Colson Montgomery,,638,25.33,10.84,12.0,40.9,32.4,73.0,19.3,47.0,6.21299958642682,-30.862288847871486,6.963960143134264,12.924375372953977
Taylor Walls,,433,6.36,7.27,2.2,21.9,25.6,62.1,9.5,48.2,-11.186872439421583,-28.339124181823852,16.050873399991744,9.631769738875736
Jonah Cox,,169,15.44,4.46,5.4,35.5,33.8,71.0,19.6,50.3,0.7025246827401771,-9.300538450238147,3.9363242452470666,2.658815788405824
Trent Grisham,,484,24.21,6.99,9.6,45.3,19.2,58.9,7.1,50.1,-17.84913779854437,-10.175288261824024,21.216360693910836,9.276221288823713
Gary Sánchez,,275,18.9,8.62,8.4,35.3,23.0,51.0,10.3,46.8,-3.9114049178619386,-5.342208483114435,11.554541591311482,6.488665793537587
Jazz Chisholm Jr.,,532,21.59,8.76,8.2,42.8,29.4,64.4,14.2,46.9,-8.14930518034483,-18.227259092276523,10.428507852469675,10.203297269767575
Tyler Locklear,,42,24.61,5.68,14.3,32.1,27.1,72.0,11.7,50.3,-2.6622988889033117,0.34614693161681576,1.4594236928805948,0.9243367268782862
Jake Burger,,620,27.4,9.46,12.3,45.3,35.5,66.8,17.0,45.0,-0.030114005730723425,-21.355016200494262,6.355890411906451,10.89346067335533
Carlos Santana,,26,12.3,5.17,0.0,43.8,35.7,67.9,15.1,47.2,-1.8175946731127546,-2.88573609526315,0.8627315384006531,-0.3206161835084894
Leody Taveras,,482,12.77,7.21,4.1,32.6,32.0,67.5,11.8,46.5,-16.492544887234775,-12.420260136605053,8.3836054300826,8.206272026018151
Andruw Monasterio,,347,14.94,2.75,6.4,31.2,26.6,66.5,8.9,51.4,-14.287026903637761,-14.060896211793747,12.210460783328285,6.440424386767091
Angel Martínez,,416,17.56,-0.4,7.2,35.5,42.8,66.9,11.2,47.8,-3.0656617056962046,-8.602452484874368,4.83990347537217,5.926244608985793
Walker Jenkins,,93,14.84,7.52,7.6,27.3,25.6,70.7,11.4,49.4,-1.985118191048847,-4.648818121821218,3.452507705458629,2.0348296330053883
Darell Hernaiz,,157,7.01,6.7,0.9,27.5,36.2,67.8,13.0,45.5,-3.9985042197210277,-7.458076259948317,2.7027785081836813,3.223651579534537
Ian Happ,,636,24.78,11.39,11.1,42.2,23.9,65.0,13.2,47.9,-8.324912413546851,-31.22907620609821,25.493075292526616,16.214436414146544
Christian Encarnacion-Strand,,213,26.48,3.61,14.0,37.8,46.4,75.9,17.2,46.1,2.7507206547473335,1.7060317722318008,2.015181686612304,2.7309756613576206
Mitch Garver,,149,24.72,13.11,9.1,48.1,24.9,61.7,13.9,44.6,-7.98373232949658,-1.3734477457479812,6.596010202956642,2.1660252003640115
Mike Trout,,634,32.16,13.82,16.0,46.3,20.7,61.9,10.2,46.4,-9.974207397015933,-11.907162441014027,29.249833458881778,14.091182377610867
Samad Taylor,,175,9.3,4.17,3.6,25.2,30.2,59.0,11.1,48.2,-1.6949231710610835,-0.6371291799556527,4.758957908408899,1.6132689101941418
Noelvi Marte,,201,13.02,4.93,5.1,30.2,41.2,65.5,14.3,44.5,-5.925662485837779,-12.102449604388958,1.814090874211814,2.0605841923846233
Luis Rengifo,,354,13.43,9.07,4.1,34.3,30.6,70.5,9.8,45.9,-9.907560757226335,-14.376271722635241,11.054829312569604,4.622864169272336
Danny Jansen,,227,15.64,6.08,6.2,33.6,22.5,66.5,11.6,51.1,-9.309318175216129,-6.546472074519575,7.291342990219662,4.062373340880826
Francisco Alvarez,,420,32.11,9.31,15.4,48.0,31.8,61.9,15.8,45.2,-6.788280232554565,-9.845112333456497,3.584737492816421,8.649539667071705
Raynel Delgado,,41,11.59,6.81,3.2,32.3,29.9,75.4,13.7,49.2,-3.7989172671863365,1.246978201642995,0.9955565978419396,0.15457445603448164
Carter Jensen,,603,27.68,12.36,12.7,44.8,24.1,67.6,13.3,47.4,-2.3266278964408134,-14.739121867235923,19.755301414416554,11.530387845301895
Braden Montgomery,,365,16.36,12.66,4.4,40.9,27.4,76.5,15.2,46.8,-6.684621797885976,-16.919724422875234,8.910790536109689,7.582373534856666
Héctor Rodríguez,,152,16.5,6.55,6.7,34.3,42.8,72.1,15.2,44.1,1.5015609140551973,-5.19416638857443,-0.6546469926903744,2.276216445399953
Austin Slater,,74,5.03,7.09,2.3,18.2,28.7,66.1,13.0,47.9,-4.104046220693724,-2.5960727768842764,1.8223680735026573,0.9437568968895443
Jerar Encarnacion,,35,17.8,-2.61,7.7,34.6,43.4,61.8,10.1,47.8,-1.9566094920458148,-2.803439161584174,-0.46827427988677867,1.1444258157002793
Maikel Garcia,,344,15.97,4.11,4.2,40.5,22.5,54.9,5.6,49.7,-5.780573930516207,-10.489148405301925,9.93552379381425,5.156227172407006
Blake Perkins,,101,13.59,4.35,4.4,33.8,28.9,59.1,9.1,48.0,-3.293350637276155,-5.883575703509758,3.077179868414755,1.656089366102609
Patrick Bailey,,345,20.84,6.91,7.7,42.4,31.2,69.7,13.3,47.8,-7.102398605711025,-18.843284057638478,6.221887496454599,5.33414818903717
Pete Alonso,,700,35.19,12.37,15.3,56.2,26.6,66.3,12.1,46.3,-1.8042712653761581,1.3029105753552672,18.106755944798227,18.93411504277181
Will Brennan,,23,4.97,-10.88,0.0,25.0,56.4,73.6,5.2,49.4,-1.9643669071779062,-2.916539668262938,0.09435985274314856,0.09595581475036025
Austin Wynns,,89,9.53,-2.43,3.3,26.7,40.5,68.1,13.0,50.3,-4.775678800527786,-4.471678524393949,-0.22551602971993845,-0.3392381848061131
Jonatan Clase,,25,9.14,8.0,0.0,35.7,26.7,61.1,13.2,47.4,0.555631881125967,-0.17507972183388423,0.34523095318559516,0.3543292914881632
Jake Meyers,,153,13.54,4.56,6.3,27.9,32.6,72.7,11.4,48.9,-4.633258089366357,-4.581301293368777,2.014246593864416,2.093496202741184
Kevin Alcántara,,28,13.54,4.21,6.7,26.7,29.5,54.3,14.4,48.3,1.155042818399185,-2.6064763217817672,0.6627162256132474,0.3546571436072481
Ildemaro Vargas,,486,12.65,0.08,3.2,35.0,39.2,63.1,7.7,47.6,-4.6555677887448175,-19.146703202266057,8.592438652082837,6.337918534835647
Giancarlo Stanton,,96,33.74,9.88,18.0,44.3,30.3,62.6,17.5,45.8,0.2765816237325388,-2.6547519493450813,1.6773943249880747,1.783280334618731
Tyler Heineman,,200,0.57,-2.59,0.6,11.9,42.9,70.1,11.0,49.2,-9.535255075005168,-11.381098286142832,0.2648580550523524,1.807931245653016
Josh Naylor,,650,14.3,5.85,4.4,35.6,37.8,69.3,8.8,44.7,-20.88711505441034,-15.215414791814379,11.511327784038183,7.858258737083541
Trey Mancini,,14,34.44,-5.42,18.2,45.5,40.9,85.2,12.3,55.1,-1.1852721302042246,0.9073554915998179,-0.18249860498910409,0.2243819217591755
Nathan Lukes,,450,9.52,-0.03,2.5,29.1,34.1,66.2,8.0,50.1,-16.632271906747146,-5.917578262057679,9.087317823605813,8.713235511141095
Sam Haggerty,,47,-2.01,0.58,0.0,7.1,33.8,70.1,16.8,52.1,-3.4175472885948315,-4.114588858129267,0.1919068482566644,1.4802792359659214
Mike Yastrzemski,,408,20.01,4.98,6.8,43.0,26.4,59.4,9.9,49.1,-10.0364793868499,-13.374240156993865,13.506813573944717,5.317995363069104
Max Muncy,,284,24.81,7.63,10.7,43.5,33.2,68.9,16.2,47.1,-0.8475773239496432,-8.51548519964943,3.04910774852844,4.6576488102056635
Christian Vázquez,,266,6.51,2.01,2.1,22.6,36.5,61.4,9.6,46.9,-8.141680627581545,-10.417348063044232,1.6684138952602467,3.2677220174069403
Spencer Horwitz,,451,13.76,7.09,5.7,30.3,24.5,58.5,6.7,47.9,-9.101302855906455,-19.816798795720356,17.929470437682312,11.131329332090681
Iván Herrera,,717,18.37,7.29,6.2,40.6,28.4,61.5,9.2,47.8,-5.529060616601727,-19.23230851740573,21.430104446886023,18.525717867375242
Nelson Velázquez,,113,35.49,6.92,13.8,61.5,31.6,67.3,19.2,48.5,-2.706264087309854,-4.4929816700616,1.8329054468093067,2.403214723221664
Brett Sullivan,,237,12.69,-0.28,3.8,33.3,33.3,69.3,9.0,51.1,-9.871268311716044,-3.551854183238748,4.310942522835289,2.5101602714491733
Max Schuemann,,87,22.85,12.62,9.8,41.2,21.9,66.3,11.7,46.4,-4.325568359681992,-1.0867031781482497,3.4836882258795043,1.4688137252628921
Zack Gelof,,435,24.66,5.91,10.8,42.8,25.3,67.1,13.6,51.2,-4.171483952917821,-3.1603385350536466,12.81554298788355,6.672986915583621
Harrison Bader,,111,20.92,2.63,8.2,41.1,38.7,69.0,17.1,48.5,-1.6093789981619961,-7.40279097082261,0.5013708336244899,1.0187899499291562
Junior Perez,,36,32.53,4.14,14.3,52.4,28.8,71.3,20.1,52.5,-0.8285903167913026,-1.9433077943387185,0.5438131449800819,0.6508788029379553
Joey Ortiz,,415,14.6,0.66,4.0,37.6,32.8,57.4,8.9,48.8,-12.210860666433934,-0.4789666315660364,6.913422436141462,3.299537637002941
Sterlin Thompson,,77,19.74,13.92,6.3,43.8,29.5,75.5,15.1,44.6,-0.7759522429023507,-4.468636138538426,2.599597677374801,1.9515064766573729
TJ Rumfield,,631,12.0,12.26,5.0,27.9,30.4,70.4,9.1,44.7,3.8539752140439276,-5.611749011680248,19.930415429589903,11.026917404221415
Marcelo Mayer,,245,16.62,9.45,6.4,35.5,28.5,71.3,13.4,47.2,-9.18105790701738,-12.402478125003785,6.174076609529298,4.15608762017013
Yandy Díaz,,686,22.36,6.05,7.1,48.1,29.0,66.9,7.0,48.8,-1.1585407258296734,-9.647850194397387,18.26565034502174,15.552501250198688
Ben Ross,,21,30.52,7.05,20.0,30.0,34.0,67.5,21.1,47.8,0.0014195307293916049,-0.942226591643452,-0.2836732030721223,0.07627800504114032
Coby Mayo,,454,29.6,7.64,13.5,47.3,31.3,63.5,13.7,46.9,5.620155047468016,-12.93968666155406,4.608932311839646,7.957279140374595
Oswald Peraza,,370,16.54,6.02,6.1,36.2,38.6,74.2,16.8,47.2,2.5193654705968958,-22.78337655461798,4.23171103226331,6.344045320872185
Zach Neto,,704,25.49,12.84,11.9,41.6,36.9,68.3,16.5,42.7,4.427486107531797,-15.921545574710459,10.298780347568732,17.17510583196705
Corey Seager,,436,31.75,18.11,14.8,48.9,28.8,82.8,17.3,44.1,0.9278272524304424,-20.949503921424842,14.573568193168276,7.067361256714462
Willy Adames,,505,20.85,6.5,8.9,38.8,31.6,65.9,13.9,48.1,5.196218014753124,-17.13869932016653,7.7847628562552424,7.099917892478811
Tyler Stephenson,,468,27.05,8.02,12.4,44.1,22.3,67.2,11.9,50.6,-1.3109253982882108,-23.084894576260027,13.401063111450869,9.44503755416248
Joey Wiemer,,83,22.23,11.34,10.0,39.0,26.3,57.8,12.9,44.5,-0.8926648765585062,3.8581494828280514,1.6099321154064932,-0.03427930668170487
Ezequiel Duran,,597,17.43,6.33,6.0,38.8,35.5,70.1,13.6,47.1,-9.065506069425743,-3.220999698425128,10.806733169418605,10.868912566003866
Edgar Quero,,217,13.66,10.4,2.7,39.1,25.7,75.3,10.5,47.8,-3.797630550508856,-19.613519223599006,5.540683905737558,5.52139272948935
Alex Bregman,,702,17.48,6.47,6.4,37.7,23.3,60.2,6.5,49.6,-11.173600348814793,-2.992346177267179,23.843337925170072,15.898190295854535
Tyler Black,,28,1.07,6.65,0.0,15.0,32.0,76.5,12.4,48.5,1.8265713086817237,-1.285183365898172,-0.14019389100417567,0.515050114225554
Ezequiel Tovar,,506,16.43,6.59,7.0,33.2,43.7,81.6,17.9,45.9,0.7255678483256013,-34.322742334293025,2.986790496582896,6.6495323434026385
Miguel Vargas,,704,27.64,13.45,13.0,43.8,20.9,68.9,9.2,47.9,-4.550349646130292,-16.469271396653248,33.39776778045882,15.795392033673645
Michael Toglia,,28,17.49,3.34,0.0,57.1,24.0,61.8,15.2,52.4,-2.1387311054242084,-2.2268745188967523,0.33782558589506173,0.12670003589540357
Brandon Lockridge,,113,9.98,1.05,1.5,33.3,32.1,58.9,13.2,50.0,-3.1843092529052046,-0.6160348254099416,1.9611031639553937,1.3215561225068169
Dylan Beavers,,363,20.07,6.11,8.4,38.3,23.8,60.4,10.6,49.7,-5.486897429649125,-14.217224483477912,11.016289609617232,5.81438097414282
Reese McGuire,,34,-1.08,-11.09,0.0,9.5,37.5,59.7,10.9,56.4,-1.9489163118277375,-2.029632689472743,0.6671929203004274,0.21233033590168068
Rafael Marchán,,95,5.46,-1.7,2.6,18.4,33.3,66.4,8.1,51.4,-7.503623283423515,-7.158864362610191,1.3349086312429432,1.762561830307584
Michael Stefanic,,29,6.92,-0.2,0.0,30.0,23.0,62.9,4.6,53.4,-1.54653732113072,0.2873171191506794,1.6030817814332923,0.43004186481399354
Jeff McNeil,,520,8.73,5.04,1.7,29.5,36.1,83.7,9.4,48.5,-15.122033958015288,-10.966029617235733,9.575429346463858,6.672003589934627
Curtis Mead,,329,24.58,7.69,10.9,42.3,25.1,57.9,7.3,47.3,0.15727873175971582,-7.946599853395422,10.945477262849536,9.595150997045733
Elias Díaz,,237,22.34,3.2,9.6,40.5,37.8,72.9,15.5,48.7,-4.917211305572833,-7.752670233523259,2.2733341263976774,2.0522377558139873
Brian Navarreto,,61,10.49,4.32,5.6,22.2,39.4,70.0,17.5,47.1,-3.5519209291290847,-2.011924462794816,-0.5004763087045896,0.6371377312247384
Alex Call,,195,4.25,5.15,2.3,16.2,24.3,61.3,7.3,49.5,-9.14968105389933,-7.29719936418998,10.472372306667399,5.411662766156857
Colby Thomas,,121,19.06,5.26,8.9,34.2,42.9,80.3,20.8,47.3,-3.859155034047341,-4.787584480968127,-0.5061764416684994,1.1463338242151857
Dustin Harris,,152,4.83,2.86,1.7,19.5,33.2,65.2,9.4,48.5,-3.489607647038661,-3.3582828046105315,4.705808824306919,2.4987876736641867
Joshua Báez,,108,27.51,1.81,11.8,47.1,39.6,70.6,19.4,49.7,0.23055748829292733,-1.164395456285416,2.2358096171115185,1.249574734039654
Isaac Paredes,,659,12.31,9.16,4.8,29.3,27.0,62.0,6.4,46.8,-5.025824230647314,-15.420058581372427,31.840582691905674,15.123763836850667
Gustavo Campero,,12,4.97,20.41,0.0,25.0,36.7,90.0,20.0,40.0,0.008775052068437879,0.6711496418515063,-0.36603797205394056,-0.277460137684249
Kyren Paris,,18,17.49,11.54,0.0,57.1,12.8,72.8,16.9,53.0,-2.378349721984506,-2.0292006863469214,1.1677397824880376,0.2075607325718109
George Lombard Jr.,,166,18.59,4.78,8.2,35.1,27.2,66.2,12.0,50.3,3.4547538381477643,-9.981639660717295,1.2909679542554684,2.341777424205398
Jorge Polanco,,145,12.03,5.86,4.0,31.0,30.1,61.8,10.8,47.0,-7.581468765367572,-13.207770238847882,3.008999472371315,2.573907689448205
Donovan Walton,,268,13.21,8.52,4.8,31.6,28.8,73.9,13.7,48.8,-0.03359653482425373,-6.4830284717499245,7.7726727333103325,6.419470353256815
Troy Johnston,,449,12.21,5.06,2.2,36.9,36.2,70.6,13.0,47.4,-8.95090030683339,-5.224004433368138,8.076049339067204,6.967503908024671
CJ Kayfus,,25,39.97,10.48,21.4,50.0,34.5,76.0,20.4,46.3,0.9501945939957321,-2.6144853131721795,0.9641686790672768,0.22612941126363323
Josh Jung,,444,22.9,6.92,7.2,49.2,29.3,67.1,8.8,47.9,-0.48374867318608916,-7.0810269940759145,11.354213115275858,9.052555819325196
LuJames Groover,,54,26.22,1.14,11.1,45.9,19.8,60.7,6.7,53.8,-2.2596849240688894,-3.919123923077277,1.108548403245307,1.6308619688195498
Daniel Johnson,,17,12.96,17.65,0.0,45.5,28.1,66.7,9.4,39.6,-1.339513721279564,-1.0347665728415993,0.9098033019122068,0.14973355550694303
Dylan Crews,,443,23.2,8.83,9.4,43.3,32.1,73.5,15.2,47.4,-1.1320108404816702,-20.093086517564835,6.732255369843543,8.600179320392373
Will Smith,,276,25.92,7.86,12.4,41.2,20.9,63.0,6.9,49.2,-8.874079870396326,-0.43019055185745003,9.937448122764327,7.964742864638328
Daniel Susac,,161,14.15,4.83,5.3,32.5,41.8,72.3,13.2,45.3,-3.0372816816011885,-6.189956134271389,1.4580922496716897,2.2843456967009965
Sean Keys,,67,27.5,4.11,10.0,52.5,36.8,68.1,15.1,47.6,-3.724892611585921,-2.374367570826732,1.380123868292466,1.3820551454262537
John Peck,,80,19.01,9.58,7.7,37.7,32.2,75.9,14.0,46.4,-3.4100830299879203,-5.995467495624648,1.9155793297895614,1.5588956696305172
Graham Pauley,,154,12.99,6.71,6.5,25.9,30.8,66.8,10.6,46.9,-7.158378646847754,-3.316431695812116,2.514578729514404,2.7604868660355413
Adael Amador,,95,13.11,5.06,6.9,25.0,24.7,76.5,8.4,51.9,1.196542706115628,-0.21690492651448223,1.6383184119220047,1.4617201477199964
Drew Cavanaugh,,166,10.94,8.4,4.2,27.6,27.0,67.1,13.5,47.9,-7.682263282725553,-6.382704895320765,2.807842271288408,3.8596660574146564
Drew Romo,,206,12.52,10.49,5.9,26.5,34.4,72.2,15.5,44.4,-9.678633007174136,-6.939235056279636,0.6316465463146741,4.436432886115271
Jasson Domínguez,,222,17.08,8.92,5.6,39.1,34.4,70.6,12.6,45.0,-0.9499997513340324,-10.984813751575023,1.2314482524376194,4.263543296383835
Taylor Trammell,,289,24.55,8.78,12.3,38.0,29.3,69.6,18.8,48.4,-7.108737730856498,-11.678845726793964,5.6956826479177405,5.17918505945556
Heliot Ramos,,442,30.38,6.33,13.8,48.4,33.1,69.2,14.8,47.9,-6.898545579862937,-11.626084318766265,6.595062077233101,7.777326273871268
Nick Morabito,,46,13.94,2.33,0.0,48.0,33.7,50.6,12.1,46.8,-1.941065618108688,-2.9111936732671597,0.6375384372658417,0.8699042963152945
BJ Murray Jr.,,11,11.95,-5.74,0.0,42.9,30.0,69.3,8.7,56.5,-1.5583424477927124,-1.1622444257064,0.3239774074840484,0.08911410841048319
MJ Melendez,,144,30.0,11.52,11.1,55.6,29.5,67.4,16.1,45.4,-5.122104505684814,-8.257536446000024,7.224161592700088,2.8524478827103206
Weston Wilson,,183,12.22,8.44,3.8,32.1,25.6,67.2,15.2,49.0,-4.280006091259371,-10.284300914984605,4.96789126306933,3.256905864129845
Jose Altuve,,573,12.27,6.35,4.1,31.3,37.2,64.0,10.9,44.7,-4.589189356090604,-16.913201085526023,9.1231929821352,7.965737758875763
Matthew Lugo,,15,0.09,20.57,0.0,12.5,40.0,76.3,25.0,37.5,-0.5467383639181865,-1.8092945346803375,0.6823613802514567,-0.1157867481043071
Osleivis Basabe,,143,16.74,1.12,6.9,34.3,34.5,58.9,10.8,48.3,-6.466536108607601,-3.9844973371393397,0.11290667569838042,3.336101546186209
Andrew McCutchen,,83,13.3,8.92,5.8,28.8,20.5,68.7,14.6,50.6,-6.736469407818827,-2.0521696089306705,2.416996159364046,1.4453199602333482
Yohel Pozo,,62,7.21,-1.03,1.9,25.0,51.3,71.8,11.5,45.4,1.455254519743438,-3.5571641397212654,0.0022664337724898967,1.0029898086186884
Chase Meidroth,,643,14.14,2.6,4.6,34.6,28.9,55.5,8.3,49.2,-15.515985137683845,-6.654347381289962,17.26483176172416,11.998331997590752
Tyler Soderstrom,,453,24.14,10.35,9.5,45.4,25.9,68.3,10.5,47.2,-5.537096468965604,-5.608435257432187,14.566436578934272,7.568708018019153
Kevin McGonigle,,707,18.5,11.08,7.3,37.6,19.6,67.1,6.9,49.1,-10.102144078143484,-11.839558021347598,27.571133991073417,18.489713073278114
Nick Madrigal,,63,5.71,-1.19,0.0,26.9,30.4,68.6,3.8,51.9,-0.23746756682292386,-2.630540404916552,2.349393203080481,0.6734842586951456
Spencer Jones,,289,35.47,15.16,15.9,55.1,35.3,76.7,20.6,43.2,9.055873665788516,-13.925517120453812,3.3471426838761476,5.656518855721768
Will Banfield,,21,0.8,6.24,0.0,14.3,51.2,78.1,24.6,43.8,0.3321509484201893,-3.12358254427503,-0.34530948995425886,0.11127815470168512
Edmundo Sosa,,250,19.0,-0.99,7.2,39.2,52.8,71.1,16.8,45.8,3.4960564583770846,1.1668263583067822,-3.2746973892489373,1.3531628765680446
Braden Shewmake,,91,17.79,-4.68,6.9,37.0,52.6,71.3,14.5,48.1,0.3035187019189299,0.5417655081317754,-0.8945502699089293,0.44036670480740225
Blaze Jordan,,199,24.69,2.5,10.1,45.0,35.7,73.4,11.3,49.3,-3.653134316414426,-6.17495737037733,1.5400888652894298,2.9056577246572255
Jakob Marsee,,616,13.16,7.41,3.8,34.5,22.2,60.3,7.4,49.1,-15.001764264694101,-17.822134257394136,22.455191016500358,12.596173724168876
P.J. Higgins,,32,0.52,4.88,0.0,13.6,18.0,59.7,10.1,52.3,-3.1993555184885554,-0.476815882628753,1.4955127315977361,0.4992798079369509
Luis Matos,,21,4.23,5.84,0.0,23.1,52.4,73.3,19.4,41.7,-0.5059221916866015,-1.6727320414667055,0.053685296313423114,0.04647452637123557
J.P. Crawford,,489,16.19,4.91,6.3,34.7,19.7,56.2,6.6,50.7,-23.76764198606431,-8.563042955638922,20.89934998933592,9.436072345179893
Spencer Steer,,384,25.1,7.68,12.4,39.1,26.2,65.3,11.5,48.8,1.2380184820777047,-17.87816727764704,8.767988719954376,9.473512588281665
Cooper Pratt,,266,9.68,2.75,3.2,27.4,29.8,63.1,10.1,49.9,-5.060692792584959,-2.3380361680116284,6.612977077526271,4.1627069941487145
Gage Workman,,41,37.63,6.1,20.8,45.8,42.5,80.0,20.0,46.7,0.1834287022542937,-1.9684280479848513,-1.4313659387290791,0.15910033805761628
Sal Stewart,,700,25.84,8.84,12.2,41.6,32.1,69.1,13.4,47.3,4.872436505244963,-24.96827406661788,17.12367559656082,16.209371773866096
Drew Gilbert,,393,16.69,6.33,5.9,37.2,25.1,59.5,9.4,48.6,-13.849227472233142,-10.251189538917066,14.345559086258257,8.77189810611246
Pedro Ramírez,,266,15.27,4.38,4.1,39.0,33.0,68.7,10.1,48.2,-5.194871333391971,-4.978838887739532,5.657168230804942,4.430711231602884
Jorge Mateo,,221,18.19,4.61,7.9,35.0,44.2,69.0,17.7,44.8,-6.095390128904121,-9.282184010325876,0.061158548932244046,3.1310542113976103
Adam Frazier,,147,5.15,0.02,2.1,19.1,36.5,70.1,14.2,50.9,-4.498486551691887,-0.8833473866421448,0.7666224471978634,2.5437172967613546
Nathaniel Lowe,,429,21.28,6.09,8.4,41.4,27.3,65.4,10.1,49.3,2.346936165533866,-8.590874385681536,9.172626753924122,7.752487481049858
Eugenio Suárez,,498,24.09,10.71,12.5,36.2,28.5,65.8,15.5,46.9,2.272737050980736,-22.389617762378855,16.058380252788776,9.588792182135206
Derek Hill,,216,20.91,6.55,10.6,33.8,34.6,70.8,17.0,47.8,1.6886847098662754,-5.108402219520965,2.7020238695009087,2.1803935262987464
Tsung-Che Cheng,,44,13.32,5.24,7.7,23.1,29.3,67.5,17.6,50.3,-1.5729312141717604,-2.350391533259604,0.8716695643838658,0.40026841464385415
Wenceel Pérez,,175,17.18,3.43,7.6,33.3,29.1,67.1,8.7,49.5,-14.101741867925018,-3.0533487202506184,5.253547654185924,1.9839836332220133
Jackson Merrill,,664,28.85,9.16,12.4,48.7,37.6,78.0,15.5,45.8,-3.089986279282807,-12.579964012488249,6.5545546134229795,11.893086901004038
Luis Campusano,,248,19.48,9.13,8.1,37.7,29.2,66.5,12.1,46.6,1.857437728725827,-5.320086153339588,5.008382718374811,5.806991587031502
Gabriel Rincones Jr.,,89,20.24,-1.26,9.4,35.7,46.6,69.4,17.5,48.3,-0.8215971794393135,-6.501054540167181,-1.3403086155504067,1.5281891691206784
Aaron Judge,,285,42.31,13.75,20.9,57.5,26.4,64.0,14.2,44.9,10.807299724326434,-9.883282519588834,9.211900413784445,6.770731332061263
Lars Nootbaar,,334,26.44,3.75,10.1,49.5,20.7,53.7,7.1,50.6,-14.590584785929527,-4.905837270015744,9.857987369185079,6.098505975857605
Kyler Fedko,,19,12.54,6.71,0.0,44.4,40.5,72.1,21.8,46.2,-1.5675856445106038,-1.8159662576238376,-0.35334478248429424,0.006437926717262628
Miguel Amaya,,254,17.88,12.21,7.9,34.2,32.0,66.7,12.8,43.0,-12.513054915866624,0.8667138631513482,7.518116640668176,6.695069718893016
Cole Carrigg,,372,17.44,9.12,6.4,37.6,36.3,74.0,13.5,45.3,-0.6693412909333973,-3.734909161920724,8.886054317032565,6.23768546603362
Ceddanne Rafaela,,576,14.03,1.27,5.4,31.9,45.3,71.6,14.3,47.2,-1.2377013407743396,-7.447871455258706,9.138969122215444,5.448676670678212
Braxton Fulford,,85,17.52,14.19,7.1,35.7,28.6,66.8,15.9,43.5,-3.6157394457262146,-5.5548024413552435,2.584811432709351,2.668705506659958
JJ Bleday,,545,22.07,10.48,9.5,40.1,22.8,70.2,12.2,49.2,-7.963966468147336,-10.224067018163733,19.503660664062323,8.935181924220725
Isiah Kiner-Falefa,,183,7.76,6.12,2.2,25.5,31.8,66.2,8.5,46.5,-3.274943038371109,-7.098254440109961,3.6694650634797927,1.849883367709649
Freddie Freeman,,657,20.88,9.78,8.1,41.3,29.3,73.4,11.6,47.2,-24.526759196213995,1.460864768944532,20.157852250952654,14.931743341991675
Christian Walker,,635,22.42,12.25,9.6,40.7,31.6,73.0,14.7,45.4,5.217419727212487,-24.09439606852687,9.566909667270279,13.22050394383201
Daz Cameron,,25,19.16,-2.52,11.1,27.8,30.2,69.3,11.6,54.7,-0.037211489175261736,-1.9922167496599255,0.25107398819381055,0.11367956581511433
Gabriel Gonzalez,,11,1.73,25.8,0.0,16.7,29.6,93.8,9.3,37.2,0.4751337568188341,-0.37009779118028907,-0.03519162023684026,0.9978151787861174
Justin Foscue,,247,23.91,-0.01,10.4,42.1,27.8,62.6,9.4,52.6,-3.066431781928349,2.4802363414826125,5.1503440402094105,4.333846150639159
Brayan Rocchio,,592,10.34,6.48,2.9,30.0,33.2,68.9,11.1,47.0,-17.29024884514079,-16.425816007367523,13.652313970008851,12.812710483159094
Brandon Valenzuela,,271,18.46,7.46,7.0,38.4,28.5,71.5,12.7,48.6,-8.029565145476509,-4.8535176417645,3.056125502442131,5.883113716659699
Nate Furman,,39,1.73,9.2,0.0,16.7,33.3,62.0,8.8,42.9,-2.7304626932599554,-3.7038872788525365,1.860867421973068,0.5636010718231156
Jorge Soler,,361,24.7,10.97,10.9,42.6,27.4,69.2,17.5,47.6,1.2371031703756423,-19.28341915916672,6.9199106920352795,7.251573418512504
Ben Williamson,,286,10.41,1.51,1.9,33.2,31.8,55.0,7.6,47.9,-9.422672788068727,-10.624039455642233,5.087664281596601,4.30380756514645
Freddy Fermin,,265,11.01,6.53,3.8,29.0,34.0,71.6,13.8,47.3,-9.476072203432343,-9.98337927938721,5.707363314563992,5.208351607009777
Eloy Jiménez,,35,17.1,14.65,4.0,44.0,39.2,70.6,15.4,39.2,-2.23428098500331,0.5314895324040948,-0.19139395856337324,0.9074295214260847
Ketel Marte,,624,23.08,7.88,9.4,43.0,31.5,67.8,9.6,46.8,-1.7078719163492209,-23.5690222887111,17.190919248628525,12.069076492726058
Xander Bogaerts,,606,18.21,7.59,5.5,42.3,22.8,61.0,9.6,48.9,-24.63102194087642,-13.781113060535475,21.298881151777902,11.808007800909564
Marcus Semien,,547,15.05,6.23,5.8,33.3,27.3,71.4,11.3,49.9,-11.90041558897594,-24.31748046563423,11.163879938069245,9.082268798023009
Brett Harris,,51,11.32,10.11,3.4,31.0,22.8,65.1,11.9,47.7,-2.8518924579127454,-5.067936557241443,1.2144021705668837,1.8203532737222115
LaMonte Wade Jr.,,146,11.55,9.43,3.3,31.9,20.9,59.2,9.6,47.8,-4.748325730828833,-8.219159089015005,8.382165531545901,2.2587941833112
Everson Pereira,,111,26.31,10.16,12.7,41.3,37.4,73.6,20.3,45.0,0.6080088088676228,-5.328627430136744,0.14687358803363254,2.7866247303356593
Bobby Witt Jr.,,632,28.29,10.61,11.4,50.3,33.8,67.1,12.1,44.4,5.056279048353359,-14.907886322492322,13.137730075723997,12.04475046497999
Colton Cowser,,392,22.34,6.54,9.4,41.1,29.6,60.2,14.4,47.7,-5.485864121432639,-13.528659255731233,5.693656128877926,8.338585366394515
CJ Abrams,,654,23.52,8.76,10.6,40.5,36.9,68.6,15.2,45.4,3.8925984918905003,-1.4116281573564853,11.020379186620314,12.187701085959446
Moisés Ballesteros,,352,22.76,10.0,8.4,45.2,37.1,69.5,14.6,43.2,-8.684418278503157,-13.46158056989572,1.8865764383695682,6.979077117577463
Carlos Correa,,141,23.44,8.0,10.3,41.2,32.0,61.1,10.3,44.7,-2.9905791586323165,-0.4086803638694945,3.6259249188927556,2.432941689997615
Brett Callahan,,80,25.63,3.43,11.1,44.4,40.1,77.9,17.0,48.7,-1.4758369112914655,-0.8776265198337648,-0.6459475123593241,0.9789650556802355
César Prieto,,39,11.87,5.81,3.1,33.3,37.7,70.7,11.6,45.5,-2.8982076027315076,-4.930553675568695,-0.14207036158765654,0.40224605217845666
Yordan Alvarez,,691,35.08,13.78,16.0,53.8,29.0,62.4,8.7,43.7,11.53648812382908,6.341771704654146,24.306871448007186,18.510777768051707
Jackson Holliday,,354,15.68,6.82,6.4,33.1,26.8,64.3,12.1,48.5,-10.256518961789467,-8.370148114966117,6.510103705978233,4.725769234420002
Emmanuel Rodriguez,,48,38.48,3.36,20.7,48.3,33.3,64.9,16.3,49.4,-0.6753103196799385,-1.4953554276789613,0.5729739340330237,0.48712153556159843
Cam Cauley,,65,3.21,2.04,0.0,20.5,28.3,65.4,15.2,52.3,-1.9071054387974726,-2.1936854709718427,1.5456683095845383,1.38154402774767
Jhostynxon Garcia,,51,11.09,4.86,3.1,31.3,46.4,78.1,20.6,45.8,-1.5537170142192827,-3.5615988118344566,-1.5426450909671574,0.5169246271007615
Bryce Teodosio,,76,8.52,3.25,4.5,20.5,39.7,71.6,22.5,49.2,-1.275317210557143,-5.254479452328064,0.4458285781934346,-0.04733957394113139
Jorge Barrosa,,174,9.97,8.26,4.6,23.9,29.3,61.1,11.7,45.9,-2.7001040149596496,-10.136872740377704,4.2721212358324685,2.793111919162456
Jimmy Crooks,,149,27.74,8.0,11.6,48.3,36.3,66.1,17.0,45.0,-5.365644400633717,-8.723394503751319,1.9042584285871118,3.0012106704205324
Julio Rodríguez,,654,22.65,7.48,8.8,43.7,38.6,68.8,13.8,44.3,-15.187271099209747,-5.909543155800398,4.9457962987264805,10.710986534205329
Josue De Paula,,42,26.81,16.99,11.5,46.2,18.6,61.7,7.0,42.9,1.2681761656632295,-1.5063434727909946,2.854579848080383,1.3173153530273038
Denzel Clarke,,87,11.62,9.58,2.0,36.0,26.1,64.2,14.9,47.2,-5.351969143676606,-7.757092532979932,2.988307072900832,1.1180368242785088
Michael Conforto,,314,25.45,8.75,11.9,41.5,27.3,64.5,12.0,47.6,4.8467252646686925,-10.836535477602794,8.81846590184356,6.556090774297464
Alika Williams,,231,9.39,-0.78,1.2,32.7,37.1,68.3,11.8,50.7,3.6958018400460886,-7.994065728342616,1.3653418835949147,2.0772753893981237
Addison Barger,,28,14.72,16.68,0.0,50.0,35.5,58.2,10.1,36.1,-1.6298475999721642,-2.942144950371167,1.014219582795072,0.13924458889754313
Ryan Ritter,,21,8.21,6.21,0.0,33.3,29.7,76.9,19.7,51.3,-1.6130798554188566,-1.088399014135643,-0.26306190009231273,0.255645255824316
Logan O'Hoppe,,275,19.92,8.76,9.1,35.8,34.8,71.1,14.7,45.2,-11.034536687435462,-8.542608041093253,3.2336408137059816,3.6149736619456956
Tyler Tolbert,,148,8.0,7.14,2.9,24.0,27.3,71.9,14.8,50.0,-0.9435517956248057,-2.8725355650108177,5.003816683085474,0.914280459084021
Travis d'Arnaud,,84,18.56,1.26,9.6,30.8,33.3,65.8,15.4,50.8,-6.657184040609565,-4.338069982993859,1.7270281374376313,2.2757804563615873
Leo Jiménez,,194,15.42,10.61,3.9,40.0,26.2,62.2,10.3,45.3,-5.786054764075683,-15.840305838979091,5.4663237496585415,5.708409415254243
Lenyn Sosa,,117,16.14,4.26,5.6,36.7,50.0,64.7,12.0,40.8,-3.7535832932486493,-8.980124145624728,0.4648554556317983,1.7897030760146537
Jase Bowen,,103,18.71,1.71,8.9,33.3,43.7,62.1,19.1,46.2,-7.003154633267877,-2.274523024185104,-2.0450779177039733,0.6007031848902845
Andrés Giménez,,508,8.94,0.94,3.4,24.9,43.9,73.3,14.0,47.7,-14.86905053804687,-17.209897525779713,8.210799752918456,7.709342677642588
Kyle Isbel,,323,11.12,-0.47,2.6,32.9,35.7,61.7,8.8,48.9,-8.158498400573992,-12.695483379800516,1.434579769799952,2.747323831878008
Matt Vierling,,291,15.63,-0.42,5.0,37.2,32.4,63.3,8.7,50.5,-12.06321746808806,-10.671449422835643,6.39479069695038,1.9531945699656843
Jordan Lawlar,,136,15.73,9.44,7.0,31.4,26.7,67.2,12.3,47.4,2.1514039641592184,-7.145761068894446,4.258474511336258,3.430330197166252
Bryce Eldridge,,448,29.15,12.21,11.5,52.2,24.6,64.6,11.7,46.3,-1.6542262667811645,-3.0442711718730426,14.539168902321018,10.0958464295412
Rece Hinds,,71,9.42,14.38,0.0,36.4,39.5,74.2,24.4,41.8,-4.368630379046844,-5.982288500108402,1.740473475065493,1.3272479641227837
Brock Rodden,,72,15.83,11.86,5.3,36.8,31.9,65.0,18.5,44.1,-3.113997047804768,-1.8226439762614013,1.656267003340684,0.7511404781944292
Daylen Lile,,655,21.37,7.22,9.6,38.0,38.5,76.2,13.2,45.9,-10.237067893429137,-19.244699282288177,14.548650592273882,6.79292439573279
Matt McLain,,496,19.72,7.75,9.0,35.6,26.8,63.1,12.6,48.0,-14.85334220293198,-29.527322748394155,12.814295128434338,11.692451661183199
Luis Urías,,59,15.26,5.55,7.0,30.2,31.4,70.6,6.5,47.4,1.7523041114782276,-3.3232094273785524,0.7385656520450313,1.429112511805577
Matt Chapman,,352,16.97,5.32,6.6,35.8,26.4,63.0,10.3,49.5,-9.604943869350857,-10.936820858503314,10.08450642514055,8.040529537343692
Bryan Torres,,189,9.1,3.44,3.1,26.2,27.0,61.6,9.7,50.0,-7.118309520763333,-5.720397473866599,4.701040757555525,3.6272073710038892
Kyle Farmer,,19,14.75,-11.62,7.1,28.6,53.3,63.6,17.4,52.4,0.3656903651332789,-1.831324697793842,-0.736664139866197,0.17178300769370433
Jung Hoo Lee,,579,10.22,0.49,2.3,31.5,31.1,64.0,6.0,50.4,-13.282346973195473,-8.141030395110011,11.538125798193676,9.384637315627476
Paul Goldschmidt,,380,20.9,4.99,9.9,35.9,32.2,65.4,12.8,48.5,-0.8759906095905927,-11.146688936912916,7.972222004669761,7.287744792572504
Brett Bateman,,181,4.83,1.25,1.6,19.8,28.3,56.9,6.3,50.0,3.264357077069355,-6.816202162855502,5.031030069031449,3.4670879357128896
Ryan Waldschmidt,,284,14.51,6.32,6.5,29.8,25.0,62.2,13.8,50.0,-2.0555221045362737,-11.873101574709127,5.998378371170124,6.630180926925314
Jesus Rodriguez,,58,9.44,7.45,2.3,29.5,34.8,73.2,12.9,46.4,1.0560534379351605,-3.462307347408193,0.904200323450718,1.516036535607996
Cody Freeman,,97,5.41,-0.22,1.4,21.9,29.3,56.7,7.3,50.4,-6.096369253621988,-0.6028408661727456,2.2152706657524317,2.3264402332743637
Nick Solak,,10,29.47,-8.31,12.5,50.0,36.4,58.2,0.0,52.2,-0.09363096209500288,-1.4356552876062738,0.1130656373079781,0.5375342778924901
Sandy León,,44,2.71,-6.91,0.0,19.2,40.0,70.3,16.8,55.1,-3.0622472654162736,-5.914239575332418,-0.7014284021700175,0.4323395822415327
Otto Kemp,,27,0.41,12.28,0.0,13.3,33.8,67.3,18.3,43.3,-1.5624280879443186,-4.105564652845367,0.29399851206138355,0.5937364340129292
Javier Sanoja,,490,11.12,0.18,2.8,32.3,39.6,66.1,6.2,47.9,1.7210922760175504,-7.1427269920720695,11.233282758137936,5.319502520604778
Alan Roden,,94,17.03,6.06,4.3,42.9,24.9,65.8,7.1,49.1,-0.8943334342687801,-0.48398638442666975,3.1834352613572556,1.5942518674258814
Luke Keaschall,,620,11.05,8.44,3.8,29.1,22.6,63.6,7.2,48.8,-15.975996894911331,-1.702933988241629,20.42181821565801,16.32655916842335
Enrique Hernández,,96,20.49,4.96,8.1,40.3,33.1,73.1,13.2,48.8,-1.8458103920618818,-1.2909758321540687,-0.24289728755778237,0.25745829404241305
Tim Tawa,,351,24.69,8.63,10.5,43.8,31.4,69.1,13.7,46.7,-1.4409006656130816,-13.387774422599662,6.316104371187507,5.6288266040123744
Collin Price,,13,14.72,11.69,0.0,50.0,32.1,68.1,30.2,47.2,-0.4665844978650372,-1.0024367273272432,-0.2688857551409092,0.11124873298505812
Nick Allen,,162,7.72,2.2,1.7,26.9,26.8,66.0,11.3,52.1,-4.747522746935122,-3.7093657510114504,3.9755518255218862,3.1633156185227977
Michael Helman,,35,-1.78,2.64,0.0,7.7,43.3,77.4,12.4,46.9,-2.257613536282013,-1.7728446502495268,1.020255837751135,0.3948647482395715
Randy Arozarena,,670,21.74,9.35,8.1,43.5,30.6,63.4,12.1,46.7,-4.015896178882956,-4.423454456370938,28.99150512307871,16.133114922495054
Kody Clemens,,583,26.53,5.25,11.3,46.1,32.6,68.3,12.2,48.5,-11.408437184052325,0.595073867754577,12.259401812809875,10.730304186386538
Joey Loperfido,,121,17.13,5.86,6.8,35.6,29.8,68.7,15.5,49.4,-3.7706691377424217,-4.2795815606280705,1.513683161422076,2.9724419207594517
Jake Mangum,,479,8.78,1.59,2.3,27.8,45.1,73.4,12.5,46.7,-8.025239844011509,-11.737550297554446,8.021913117806607,7.73898115833195
Justin Crawford,,465,11.27,-0.29,2.0,35.1,37.6,69.3,9.4,49.6,-7.853451142890061,-13.1976927883014,3.6959746776593834,6.784349592597946
Eric Haase,,84,25.61,6.37,16.3,28.6,36.3,63.1,18.6,46.2,1.1620762324875595,-5.851274022395148,0.45027718372542663,0.8761052880548552
Jesús Sánchez,,315,25.63,6.85,10.8,45.3,38.0,71.5,15.0,45.7,-11.877362656598835,-5.1954816581130405,7.232843219854852,5.460494405629365
Trevor Story,,266,15.83,2.76,5.4,36.5,43.6,69.6,17.7,46.5,-5.769201593799404,-6.60743445192227,-1.3567650647020528,3.383443316255311
Anthony Volpe,,246,15.43,6.68,4.9,37.0,25.7,66.6,11.6,49.4,-6.327507599542864,-8.891568022510077,6.187904812201671,3.9028071203375285
Jake Fraley,,97,13.32,6.7,8.5,20.7,22.6,67.9,10.5,50.6,-1.8802502752630474,-6.550641960191483,3.6841011337691167,1.9685374737242147
Tommy Pham,,35,21.99,7.3,5.3,52.6,22.9,60.8,14.4,49.6,-3.0378890119045066,-2.0204665950943537,1.4409991062342784,0.5546400834030883
Mookie Betts,,528,19.24,5.61,7.8,38.0,20.3,61.6,5.2,50.9,-5.536500009305633,-6.86753893270631,16.086238017726924,8.409689535938561
Jackson Chourio,,573,28.06,6.39,12.3,47.0,33.8,63.5,12.0,47.1,15.377269369866454,-14.053200172629252,9.311188050032902,10.276357415500199
Carlos Narváez,,285,17.4,4.41,6.6,36.9,32.3,70.6,17.1,49.9,-12.989090399308129,-15.359869982142756,2.335609186398824,6.852447093388022
Joey Meneses,,25,18.15,12.32,0.0,58.8,33.3,61.2,10.5,40.8,-2.5057262424451805,-0.6751240188434235,0.27186381465921583,0.93316788097066
Agustín Ramírez,,255,16.4,8.6,4.2,41.6,29.8,70.3,14.6,47.7,-2.777867363175109,-13.494848744009746,6.009844523736092,5.600766369057648
Romy Gonzalez,,73,15.15,10.35,4.4,37.8,32.9,75.1,17.7,46.2,-3.498879317195575,-2.1706708995507626,0.8463446771526335,1.4433398719183923
Casey Schmitt,,409,27.21,1.3,12.3,44.8,36.5,71.1,11.5,50.0,0.8894129946082354,-3.718615757994836,5.403473654115835,4.970382910098117
Jonathan Ornelas,,22,14.72,-2.26,0.0,50.0,45.5,71.0,21.3,50.6,-1.3811482693069084,-1.8150480145821364,0.1670425380265157,0.07522599886516562
Mickey Moniak,,436,22.77,5.51,9.6,41.6,44.0,76.3,17.9,46.4,20.687705978903413,-17.37105553663492,-1.42753732666046,6.025190835172972
Adolis García,,259,24.91,8.86,9.3,48.0,29.8,63.5,15.7,46.3,-12.274695571311842,-10.352081603280348,4.404394400520955,6.1865175036521824
Joe Mack,,330,20.07,6.6,8.4,38.3,28.1,68.6,12.2,49.1,-4.899991370782294,-14.39651078581348,7.79598133936075,5.986024839202725
Vladimir Guerrero Jr.,,609,20.64,9.55,6.9,44.3,30.6,67.2,9.5,45.4,-14.805563067090773,-22.187909731552857,19.472542960275415,11.385625150082543
Carson Kelly,,425,15.44,8.96,5.2,36.1,25.2,67.2,9.0,48.1,0.7793226236024721,-20.158450728421393,12.52890527370662,8.549933122042583
José Azócar,,18,4.23,3.82,0.0,23.1,48.7,70.1,15.9,43.5,0.7601830061472573,-1.0369347444338446,0.17176456559496928,-0.04091984624548865
Brooks Lee,,631,13.87,5.56,4.5,34.2,35.1,73.5,11.1,47.7,-5.96241141302266,-9.686138849994569,7.1984829847367635,10.197406603886128
Felix Reyes,,38,14.13,4.41,6.9,27.6,52.9,66.7,16.1,40.7,-0.007393107187914638,-2.4606573946703967,-2.4506387606303193,-0.009607693966349203
Masyn Winn,,532,12.72,4.52,3.3,34.9,24.0,58.4,9.8,50.0,-23.781223262376127,-14.241916919755553,14.318538361050214,10.700579911342118
Konnor Griffin,,339,18.11,5.37,7.0,37.5,37.6,68.0,15.0,46.7,0.22782117460850743,-12.021504759987717,1.9745680570330264,8.087523210802297
Josh Lowe,,343,20.31,7.5,9.0,37.1,36.0,77.8,18.0,47.6,-9.183159329564022,-14.219397093211379,5.278671369116181,4.824108676402346
Drake Baldwin,,615,30.18,8.38,12.9,50.6,34.4,70.5,12.5,46.5,-1.9536051873840494,-10.503900394696409,20.57717699159351,11.043065962265283
Bryan Reynolds,,699,27.12,12.02,11.2,47.9,24.7,70.2,13.2,48.3,3.463026016624878,-22.894932161569187,22.762913565729416,16.346451481379262
J.C. Escarra,,92,13.71,8.86,4.5,33.8,24.7,67.8,12.8,48.3,-8.05708526944932,-0.9553248350915301,1.3140162218363747,1.4059465371387523
Eliezer Alfonzo,,28,7.7,1.48,0.0,32.0,34.0,74.6,7.4,50.0,-1.7221500765886684,-1.5915686324027667,0.15491420412138046,0.12303791133431766
Elly De La Cruz,,636,35.4,11.22,16.3,53.7,25.1,57.6,11.3,46.5,6.650625286616079,-8.318728545382154,26.04609639118148,11.616534215574923
Jose Trevino,,156,9.52,-4.83,2.4,29.4,37.6,60.8,10.7,51.7,-4.463689982318602,-4.348080270608637,-0.5337260678713068,1.218206846941199
Heston Kjerstad,,19,3.02,2.49,0.0,20.0,42.4,71.9,24.6,49.2,-0.05499283995156759,-1.2868234720848257,-0.9644126632265186,0.2849837856335058
Bo Naylor,,98,25.45,6.81,11.9,41.5,26.7,65.5,6.6,47.4,-4.864277900362055,-6.535658958826277,2.6445322454826172,0.8932864509816348
Max Clark,,206,12.52,2.53,2.1,38.0,28.6,63.4,7.7,50.0,-3.6785596400443548,-5.256260084360431,4.91698740665062,3.4508168407070454
Miguel Andujar,,254,14.69,-0.04,4.5,36.3,40.8,68.7,10.0,48.1,-6.5385723597206,-2.751386204332703,2.769522287368507,3.8859021543365024
Garrett Stubbs,,65,4.74,5.62,0.0,24.4,38.0,70.0,11.0,45.3,-5.373903655524954,-4.110332838857541,1.623492423350677,1.0934546552030253
Royce Lewis,,509,23.52,8.75,10.7,40.2,33.4,70.2,16.6,46.5,-8.534000510292083,-21.8594457907813,9.945301335257154,6.960773788381457
Ben Rice,,667,31.05,10.94,14.3,48.6,24.5,63.8,11.0,47.6,3.779986497940352,-0.6787962992173096,20.38039604014872,12.594128383156088
Nicky Lopez,,270,3.88,0.04,0.0,22.2,34.1,70.4,9.6,50.9,-11.153623299693301,-9.311062184727998,4.206572190169411,6.12256874479451
Zach Dezenzo,,83,18.36,3.3,9.1,31.8,34.3,58.9,17.7,48.3,-4.048282553311566,-1.6863412721482225,0.9833955972877644,0.6309551618494138
Salvador Perez,,627,24.5,8.26,10.7,42.7,44.6,72.4,14.1,41.8,-8.335963955281795,-14.675071365823198,-2.788874668586035,12.057234576081648
Nick Kurtz,,434,38.81,15.77,18.0,57.3,23.3,66.4,15.9,45.9,11.530401274594379,-11.747483100698446,15.42143135476029,11.182096261598131
Joey Bart,,128,17.8,7.72,7.7,34.6,32.8,65.0,13.9,45.9,-4.691670159535965,0.3432615820862296,2.612586326266665,2.8280338099475344
Andy Pages,,574,21.04,9.26,7.9,42.3,31.6,65.9,10.4,45.5,-1.0676180718961739,-7.958880569395195,13.592358178961204,10.032154849935646
Jake Bauers,,578,31.98,13.74,14.0,51.9,21.7,62.1,12.1,46.8,10.61944820002996,-17.722204129130017,22.690757228710034,11.060136721745115
Cedric Mullins,,502,13.2,9.62,4.3,33.1,31.2,71.7,11.0,45.9,-11.652462773421922,-24.591103868594196,13.582156283314337,9.666462893889873
Jac Caglianone,,553,31.89,9.56,13.0,54.7,39.6,73.2,16.1,44.7,11.920047496919029,-5.797910573104007,6.93200724680547,12.1967346186244
William Contreras,,640,22.45,8.65,8.5,44.1,28.3,68.1,9.8,47.5,-2.3703353654657877,-12.425516369633085,12.578181285939065,12.593913890299769
Ryan Vilade,,278,19.16,7.59,7.1,39.9,27.4,71.0,11.5,48.9,-6.936743355601409,-2.8834190727891826,9.034555175412772,5.234807042040653
Davis Schneider,,156,24.62,11.19,10.8,42.7,20.8,58.0,12.4,47.0,-4.195390920105059,-10.022772660461676,6.332137036939308,5.115957639619406
Ryan Mountcastle,,15,11.48,2.0,0.0,41.7,44.8,84.1,5.5,46.3,-0.7447063766181581,0.21474753599638216,-0.18008708228811499,0.14495584513065848
Joc Pederson,,432,28.4,6.29,11.3,50.9,30.1,64.9,14.1,48.6,-4.57693311528992,0.429300081697294,7.605469719684536,9.014283030864624
Dylan Moore,,15,8.21,13.9,0.0,33.3,26.1,62.9,12.3,43.2,-2.388762859185345,0.12768343354966386,0.2643020170043909,0.08819070279998714
Dansby Swanson,,486,19.67,11.57,7.3,40.6,26.4,70.8,14.4,47.5,3.837146398222177,-29.404160946561753,12.431828356179349,9.593069173966802
Ryan Kreidler,,267,19.4,7.83,8.2,37.2,28.3,75.3,15.7,50.0,2.560434663723776,-18.278125148178994,5.895588681559317,3.9914777031490756
Steven Kwan,,637,-0.21,2.98,0.4,10.5,19.8,51.0,2.9,51.0,-16.972513267333866,-9.548321481612886,25.788038923219528,10.969507123870693
Christian Moore,,147,21.44,4.58,9.3,39.1,31.1,70.3,16.1,50.0,-9.044540356524765,-4.4133452738336505,0.7787954653423784,3.446658794380142
Max Muncy,,561,28.3,11.11,12.9,45.8,25.8,65.8,13.1,47.8,13.598475910435914,-21.81527741929,17.346304875008133,12.681907398843938
Vaughn Grissom,,474,17.01,3.16,6.7,35.6,31.3,66.2,10.8,50.1,-2.8592794476143295,-15.860523303504882,14.231377887400264,7.560498657564756
Christopher Morel,,105,13.86,3.68,3.2,38.1,34.7,64.9,17.3,48.6,-8.664590205205123,-4.086696133836107,1.647901670026611,1.7487356438291082
Bo Bichette,,696,19.04,3.15,6.4,41.7,40.9,67.5,10.4,45.9,-14.84720222279266,-16.1633550074654,10.551962968548864,12.43631574441269
Colt Emerson,,241,13.29,3.15,5.0,31.2,38.9,69.4,18.3,48.2,-7.821256987546625,-8.360407309241511,1.4398641322253978,2.000856732331357
Josh Rojas,,115,7.56,3.53,1.1,28.3,30.4,70.5,9.7,49.9,-2.290995963619376,-6.137728958258947,2.203430495406317,1.2797178477419444
Esmerlyn Valdez,,287,37.93,15.23,19.9,49.3,21.0,64.8,16.6,46.3,-1.9233011109439633,-5.956594532101553,11.611675541865415,6.380823624441791
Roman Anthony,,242,27.2,4.72,11.7,46.6,23.7,55.6,11.5,50.1,-4.54265341672084,-4.959832265197458,6.480510101660624,5.211140439022715
Nick Gonzales,,608,12.14,8.59,3.1,34.0,31.2,75.5,11.9,48.1,3.4503363357331063,-19.12981336428908,13.391525176999568,10.59695577195012
José Caballero,,456,10.16,6.05,4.2,25.6,37.0,67.5,14.3,46.2,-2.5536096479214954,-16.429905594901964,5.726858054236308,7.250585968302526
Cooper Ingle,,24,12.54,2.37,0.0,44.4,26.9,60.4,9.5,50.5,-2.214244043941929,-2.296294001217784,0.9003744970144574,0.3546279062451781
Billy Cook,,58,5.87,-8.84,0.0,27.3,39.8,70.8,21.2,57.7,-3.878634399078203,-2.6360427859018807,0.22143090876980065,0.2645731287482793
Bo Davidson,,22,11.95,-7.18,0.0,42.9,41.7,64.2,16.7,53.8,-0.1568969594068303,-0.23140654723525328,0.05062911514981511,0.1764496271603165
Ali Sánchez,,92,10.15,-0.4,3.2,28.6,34.6,65.6,11.0,50.6,-1.2138381716497546,-4.268457420597628,-0.012606295159865416,1.5834062325937472
Michael Arroyo,,41,12.1,11.79,3.3,33.3,27.7,88.2,8.9,47.6,1.799632111434124,0.5320383338987678,2.182802972795454,0.42114694914947814
Leo Bernal,,102,28.74,9.53,10.0,55.7,29.2,66.9,12.2,46.1,-0.9564239781595101,-0.9850826456288954,4.788822902123984,1.26606576976027
Willi Castro,,477,20.22,10.51,8.0,39.9,37.7,73.5,16.5,44.4,5.168751205128339,-18.894717178997514,5.887736610075821,9.698655653704126
Colt Keith,,423,20.61,5.03,7.6,42.1,24.6,62.8,9.8,50.2,-13.042351048619366,-7.841016145037486,10.299649869092738,7.649471496455743
Shea Langeliers,,467,27.68,11.7,13.3,43.0,33.1,71.7,14.6,44.8,0.9518450163418902,-7.275999639431027,9.815023893510237,9.758991484385774
Seiya Suzuki,,634,23.02,10.66,10.7,38.9,22.5,59.7,9.4,47.6,-0.5191790834047121,-14.842895175309732,23.24864767554019,14.8181602198668
Brady House,,355,25.07,10.42,9.5,47.8,34.2,70.8,15.1,44.8,-1.2711746684197263,-12.877327653572605,4.19768261860404,7.713951090214285
A.J. Ewing,,492,20.57,8.86,7.5,42.3,26.7,67.5,11.3,47.6,-14.46821664726013,-9.747024838324249,12.532005055091489,8.115432590362989
Max Kepler,,145,19.71,5.28,7.8,39.2,37.3,71.0,13.7,46.6,-4.790351260578554,-6.886665596233026,1.4018848914440778,1.3855942756824158
Carlos Cortes,,381,16.26,5.82,6.0,35.8,27.9,66.1,10.3,48.9,-14.371750189076863,-10.483391411746004,10.944363030256733,8.833119934348074
Munetaka Murakami,,553,41.56,14.46,20.5,56.8,22.2,61.9,17.2,46.6,-11.097505309354174,-7.203488422899285,23.609624634129236,14.291890593702018
Drew Millas,,152,7.54,4.84,3.2,21.9,28.8,61.9,10.4,48.4,-6.279070683840564,-7.936730161207233,3.929853308012798,3.6879339610788873
Ryan McMahon,,360,23.31,4.89,9.0,44.8,28.2,63.1,13.7,49.6,-10.69432786766091,-13.39093678195479,7.69591739447663,6.1401149652074745
Alejandro Kirk,,313,14.72,1.48,3.7,38.8,29.1,58.1,6.9,49.6,-10.017907125131375,0.19294070160910987,8.590991693263735,4.80177586808916
Geraldo Perdomo,,680,11.32,5.33,3.1,31.9,20.9,56.4,4.6,50.4,-20.834340246747075,-17.405935021872416,32.856923627364644,16.85812026388867
James McCann,,166,25.32,2.63,11.1,43.6,39.9,64.5,15.6,47.2,4.0112340544966605,-3.8624028558062804,1.0791746469103918,0.3418289218915064
George Springer,,517,17.91,10.74,6.5,38.5,25.5,72.8,11.4,48.2,-2.7538666778803336,-13.038639531566542,17.645687126062377,8.532069986321765
Jorbit Vivas,,364,7.14,11.33,3.0,21.5,29.1,74.0,9.0,45.4,-7.4252867364211665,-16.538738236654638,11.383605497878259,7.026527452546065
Lazaro Montes,,59,33.07,9.26,17.9,42.9,26.8,69.5,21.4,49.6,-0.26358539707408235,-3.258593024073132,2.4214340928330214,0.7530217127866806
Sam Huff,,34,34.36,-2.67,14.3,57.1,44.8,74.3,28.3,53.2,-1.2272660396303139,-2.283432505355784,-0.8577981399646513,-0.02093138352615429
Johnathan Rodríguez,,15,14.72,16.97,0.0,50.0,25.6,75.8,13.2,43.4,-0.6785014436237284,-0.3059067195656852,0.2692806306586205,0.2334658589681641
Kyle Tucker,,627,16.93,11.07,6.4,36.3,23.9,74.3,10.1,48.8,-4.355146406511785,-29.07909978892466,23.11532673130211,12.364592407553092
Wyatt Langford,,471,18.74,9.5,7.9,36.4,26.2,68.3,11.8,48.2,-1.6716010933388774,-17.063281115194602,14.591752488584978,10.816222119662223
Kazuma Okamoto,,636,27.88,9.34,13.1,44.1,27.3,67.6,15.4,48.6,1.5922465265559962,-13.241145024773042,12.527650884197131,10.618579890481648
Matt Olson,,698,32.26,8.42,14.2,52.0,27.9,66.9,11.9,48.7,6.597539543634987,-11.455569617762164,17.043937117358862,13.603894646405584
Kenny Piper,,11,27.91,6.36,16.7,33.3,14.3,78.6,16.3,57.1,-0.10770573358897101,-0.24307526879373292,0.7725627158482467,0.12293931559003966
Taylor Ward,,607,16.17,9.48,5.1,38.3,14.9,54.1,6.7,49.7,-18.59720083650042,-30.23187100088084,32.28192371645207,14.214751382047247
Jacob Young,,471,14.19,3.6,5.7,31.4,27.5,60.4,9.1,49.6,-16.824968469034836,-2.7741346131489397,12.673533998067025,8.79732639844981
Byron Buxton,,408,32.2,10.08,15.9,46.7,34.4,74.3,16.5,45.9,-3.7086591736920504,-2.8816975775043403,5.728917866354794,8.045754636530226
Alejandro Osuna,,233,7.32,0.57,0.6,29.2,32.4,64.3,8.5,50.1,-11.455050083541412,-3.080239271515789,8.585159455920389,3.203873226542871
Jonah Heim,,390,14.78,1.62,5.9,32.3,33.6,66.3,10.7,49.5,-11.753324412967359,-11.069499407188298,4.5388831775139655,5.945534408889082
Victor Bericoto,,116,31.47,7.03,13.8,51.2,41.9,73.1,17.4,44.8,2.686269439645062,-6.869693245791436,0.2053896994778646,1.790715623654006
Tyrone Taylor,,241,18.82,2.38,8.7,34.2,34.7,63.8,10.1,48.5,4.750540987452309,-5.893267877679134,4.922876221877696,2.978913015421221
Carson Williams,,40,9.3,4.09,4.0,24.0,39.7,76.7,19.0,48.6,-1.9686325969024543,-3.850336376450724,0.08089839894216036,0.6176910170920156
Jace Jung,,11,1.73,11.92,0.0,16.7,26.1,74.9,11.6,46.5,-0.3889122744849741,-0.39203381241456786,0.8457153382772468,0.024869046355651264
Bryce Harper,,693,24.07,16.39,10.3,42.8,32.4,73.2,15.3,42.9,6.615010238999697,-9.518787649415858,21.35326483203711,14.65554728451737
Kerry Carpenter,,259,23.71,7.18,9.6,44.0,36.3,67.0,14.4,45.3,-11.106313115993888,1.7479459063938805,5.308822371166723,5.332444591158004
Randal Grichuk,,280,27.86,2.78,11.2,49.8,36.4,70.3,12.7,49.0,5.215844828072183,0.45300004648072245,1.15288960692168,3.153669501811339
Juan Brito,,115,14.59,5.37,6.2,30.9,32.1,71.9,14.0,49.0,-1.2435080110038945,-5.571493975374698,0.3645559863710522,2.247276088897832
Zac Veen,,79,18.7,16.62,7.5,37.5,41.8,76.4,22.4,39.3,0.8550000226324763,-2.2361921519135874,1.4257671226665711,1.1973535744851362
Victor Mesa Jr.,,262,24.42,7.22,10.8,42.2,34.9,77.1,14.0,47.6,-1.3062243852868738,2.193970252869249,5.469031016327488,2.822101575094177
Kyle Stowers,,512,32.32,13.62,12.8,56.4,33.7,76.6,18.9,45.0,8.140056426832782,-16.365807444257882,8.116559717970317,10.601797270833975
Samuel Basallo,,399,26.19,9.31,12.1,42.8,39.9,69.9,16.7,43.4,2.2797478695260085,-11.982608667078889,1.5025946443227078,4.721677553192198
Yohandy Morales,,47,38.0,12.85,15.6,62.5,33.0,73.0,19.4,44.5,-2.324329269356576,1.2593653934748805,3.620269413567024,0.6483188279542651
David Hamilton,,387,10.11,2.81,3.4,27.9,29.6,61.4,9.9,49.3,-15.125847048989922,-10.283064139756505,6.156148694220459,6.986079762605643
Andrew Benintendi,,468,22.96,9.51,8.6,45.1,33.8,73.1,14.7,45.8,-14.801454615482136,-8.26390833506722,11.687640977012,8.126584266515595
Luis García Jr.,,543,27.6,8.12,12.2,46.1,38.4,70.2,10.9,44.7,15.208307372984034,-14.819080023010672,10.834187069958473,8.2348366703124
Jeimer Candelario,,20,10.82,-0.86,0.0,40.0,35.1,71.7,27.7,55.4,-1.1320279751496476,-2.909554716268084,0.9952981600156992,0.8855280540548176
Nasim Nuñez,,493,4.94,5.24,0.9,22.2,25.9,68.2,10.2,50.1,-26.787771397922988,-21.97448708896863,14.917109704939515,9.147681548220257
Ryan Bliss,,10,21.23,4.83,0.0,66.7,31.8,73.9,20.0,51.1,-0.5757862255685389,-0.7101931659403992,-0.288159114440736,0.0827440953821111
Kyle Teel,,144,27.04,13.75,11.4,47.1,31.3,64.4,16.2,42.6,-0.9851568150721931,-3.9233234472159855,3.0361054900203643,3.9579783110154563
Michael Harris II,,621,25.94,3.24,10.3,47.6,45.1,69.9,13.9,45.5,7.2734522319884976,-3.9909080403573243,1.2802359260827627,6.484809625309577
Jeremiah Jackson,,293,19.36,2.76,8.0,37.7,36.8,76.4,15.7,50.0,-6.101579469982462,-13.886249904978134,1.0531600333260351,4.602531897834819
Daniel Schneemann,,286,20.11,4.23,8.4,38.4,33.4,66.7,15.7,49.0,-2.4623378719871654,-18.578325367694973,4.173039097545135,4.407172876965287
Ronny Simon,,68,11.48,2.83,3.8,30.2,40.0,73.4,9.9,47.0,-2.323628240662168,-2.864658244658627,2.029438575562833,1.1495601296247409
Tyler Freeman,,288,10.79,4.55,1.3,36.0,30.2,72.0,6.3,48.8,-14.434662612891323,-5.200240756368071,9.132073702529963,6.532344518394525
Jordan Walker,,667,30.26,9.09,13.2,49.9,35.9,71.0,16.8,46.1,7.1110855066659,-10.023611295410383,6.778091348667572,10.97321296922879
Oliver Dunn,,12,4.97,4.83,0.0,25.0,28.6,66.6,14.3,50.0,-1.425715028923853,-1.3610661659744219,0.3925706679542421,0.16361672520250817
Endy Rodríguez,,159,25.98,7.22,10.6,46.8,26.1,64.5,11.6,48.7,0.5685297551664097,-1.4501059315314202,5.559448718543086,1.9748556864580045
Juan Soto,,482,30.5,11.92,14.0,48.1,20.9,62.8,8.5,47.3,-3.6461206426859385,7.455114312326374,20.854018513924782,9.414068059501888
Carlos Jorge,,50,8.35,1.72,6.1,15.2,34.5,76.8,17.6,52.2,-3.4812633845480336,0.08554851960252621,-0.07961500097893398,1.236596231082653
Chad Stevens,,34,12.4,12.61,6.3,25.0,37.8,65.5,15.2,40.4,-4.017061139546451,-2.74409054921627,0.5734334329857457,1.0244638418948462
Aramis Garcia,,19,16.32,2.63,7.7,30.8,39.4,67.7,18.7,48.4,-0.010771332134665745,-2.0574030040367814,0.0928740097230093,0.1152212729957621
Luis Robert Jr.,,230,22.66,10.12,9.9,40.4,32.7,71.5,14.1,45.4,-4.873807911901941,-4.833074048571117,4.485151840339643,6.207229852089222
Francisco Lindor,,469,25.14,11.24,9.0,49.5,29.5,66.2,11.5,44.9,-9.239207283994762,-11.667567842591804,14.006303559918749,11.149620367047184
Bryce Johnson,,49,-2.01,-0.71,0.0,7.1,39.6,59.8,16.0,48.9,-2.162682876246553,-3.2297992801843973,-0.02442413384136513,0.5193167135897959
Tristan Gray,,188,16.96,4.92,6.0,37.6,39.3,74.7,19.1,47.7,-6.179077967003299,-5.486169406848137,-1.070910603890286,2.120118225169464
Ryan O'Hearn,,451,19.66,5.48,6.8,42.1,31.5,63.7,10.6,47.8,2.985664689674809,-13.408660380545376,6.770046513212775,8.602615179145022
Amed Rosario,,244,22.82,4.93,10.4,39.3,40.8,72.1,14.8,46.3,4.362485037324919,-12.950167702227679,3.7432270370349143,2.6570864137961863
Nick Castellanos,,122,19.68,9.53,8.4,37.3,40.2,77.8,19.1,44.7,0.4939068353925794,-8.873627245273273,0.9974149099265551,2.1680322334009046
Jarred Kelenic,,83,37.14,10.92,19.0,50.0,29.4,64.4,18.4,45.7,-4.532628855405864,-2.7417215069026932,1.8409672002739732,1.8061645003174152
Thomas Saggese,,180,23.36,4.33,9.6,43.1,35.4,68.1,14.3,48.0,-4.747840035074058,-4.785806781613649,4.770895713448514,2.9991529617995907
Grant McCray,,91,20.8,11.99,11.5,30.8,27.3,62.5,15.6,44.9,-3.3892829487731366,-4.7265162814960995,1.8395031220500426,2.438624912756185
Buddy Kennedy,,49,20.36,7.35,10.7,32.1,26.1,67.1,12.4,48.8,-3.9671841267837786,-4.410411792233556,2.3052988933121483,0.8143361326025159
Rowdy Tellez,,11,45.7,5.24,28.6,42.9,29.6,60.0,13.4,48.1,0.11018494602378673,-1.1786257217305196,0.0540004040986579,0.28212891313654803
Petey Halpin,,195,11.54,5.59,5.4,25.5,38.6,81.4,14.8,47.7,-6.110214386914298,-6.317639557248842,0.8141043990911125,2.696623097074771
Christian Franklin,,59,18.74,14.49,8.6,34.3,21.6,61.0,11.3,44.2,-2.86188364710238,-3.8384778935546837,1.960036644246775,2.0261226053921444
Miles Mastrobuoni,,30,3.88,-2.57,0.0,22.2,27.5,51.8,8.4,52.3,-2.335330116233948,-0.8070965472611328,-0.3463050024780517,0.3132112671924238
Jahmai Jones,,181,24.77,12.29,10.8,43.1,29.7,71.9,17.0,45.7,-0.9571723017255207,-8.939392818449523,5.425295558139141,2.392788401007097
Henry Bolte,,473,23.73,11.15,8.1,48.6,28.4,73.4,16.4,48.0,3.862290478029744,-20.74744701405559,13.724487228306847,10.261671953003514
Austin Riley,,630,27.13,10.74,12.4,44.3,32.3,68.6,15.6,45.4,-2.289371184255718,-39.10566858698862,9.438296699588122,14.297817569078783
Jose Fernandez,,222,14.76,1.96,3.8,38.6,36.4,56.4,11.4,47.0,-0.7692858793483113,-10.501486311800399,5.287453732944174,2.561159303777316
Pete Crow-Armstrong,,726,29.87,9.6,13.3,48.6,34.2,68.8,13.2,46.0,7.607576081314669,14.0809368690259,13.425015381298255,16.089749949304277
Hyeseong Kim,,131,9.1,1.75,3.4,25.3,29.2,64.5,12.8,51.5,-1.9444329188984506,-4.942368061257585,2.6351512179178274,1.2271603099658548
Gabriel Moreno,,549,20.76,6.04,7.7,42.2,28.7,55.3,6.4,46.7,-7.739393794592407,0.8105152815890427,18.370044118078475,12.940192049196325
Tyler Callihan,,107,13.81,6.81,6.8,27.1,33.5,77.1,18.9,49.3,-1.9368273747141664,-5.836984701924806,2.4629724389390057,1.9983433331924265
Jonathan Aranda,,668,24.84,8.25,9.9,46.0,29.0,66.3,10.5,47.5,-18.0278141306258,-4.686738606759266,25.250757990476473,14.281057378464402
Gunnar Henderson,,702,21.19,7.37,7.7,43.3,30.4,66.2,11.1,47.8,-3.022196888942161,-19.71231067536061,13.693033486817471,18.05670307742152
Griffin Conine,,323,33.76,12.07,16.4,49.2,33.3,68.3,18.2,44.6,4.314977553135401,-2.78895188237443,5.166947117766782,8.563747171650814
Adrian Del Castillo,,197,16.97,7.76,6.3,36.7,29.8,68.6,13.8,47.7,-0.6707616940625483,-14.288786456860493,2.8923903864872864,3.108498039608652
Stuart Fairchild,,27,10.82,26.13,0.0,40.0,23.5,62.0,26.4,38.2,-2.0236533977124385,-0.7192429512115357,1.5161680295995914,0.8887913074899948
Rikuu Nishida,,30,-0.1,-8.93,0.0,12.0,31.0,59.9,7.2,56.7,-1.1320060314776976,-0.744353698134322,0.58524097841228,0.15786818630163982
Brandon Nimmo,,655,25.38,4.76,8.9,50.4,29.0,72.4,12.2,51.2,-4.387561965268082,-24.356297758198338,15.090434412867065,10.977360867730482
Tyler O'Neill,,260,22.3,11.36,8.8,42.8,27.9,69.6,15.0,46.3,-7.404359495298664,-11.161949491554974,8.88527988646083,4.155468801191981
Kyle Manzardo,,356,25.37,6.77,12.0,41.0,30.7,63.8,14.2,47.7,-3.923612164550243,-14.94636170955882,6.865927491467056,8.368860761002455
Cody Bellinger,,562,17.75,5.36,6.6,37.8,30.3,64.9,9.4,48.6,-2.843786630872242,-10.594900124253243,16.743421906272815,9.633355900404228
Edouard Julien,,276,23.22,7.97,7.3,49.7,18.6,62.8,9.7,50.4,-13.408853210714934,-7.191190345238996,10.597599526907334,6.678713056144788
José Tena,,288,23.11,9.06,8.3,46.4,29.5,67.7,16.3,47.4,-7.948554907862501,-6.749050624182603,8.06785048548071,5.663828510688996
Austin Wells,,388,20.96,8.71,7.7,42.7,28.0,66.7,12.9,47.3,-17.49821867363723,-12.067358393353604,11.178568938000867,10.019111338262759
Tommy White,,195,16.19,1.2,7.1,32.3,42.4,69.7,12.1,46.9,-5.530610135104387,-7.321243983817738,-0.4981803066445401,1.6856648875388056
Chandler Simpson,,612,0.45,-1.26,0.0,13.4,31.2,64.9,5.2,51.3,-15.953392332119417,-11.359672618569508,9.974831622696128,6.406800140972954
Sebastián Rivero,,56,0.8,1.9,0.0,14.3,44.7,74.3,15.1,47.0,-3.0789928127956636,-1.446217265509019,1.0877250963000975,1.120447461445363
Zack Short,,62,10.22,9.14,5.9,20.6,27.1,64.9,14.0,47.1,-3.9225714472190956,-4.684074557519269,2.049184978291129,1.9380411818869372
Sean Murphy,,121,20.92,4.67,8.2,41.1,34.3,67.0,16.0,48.3,-1.4649088915713424,-6.463366873460262,2.2752989607136724,0.7945820870262695
Will Benson,,114,24.99,12.74,12.7,37.9,22.1,67.2,15.7,47.2,-5.36340419201848,-5.02841948313742,2.759431973189738,2.577555008225144
Corbin Carroll,,671,28.18,10.17,12.2,47.6,29.7,64.4,12.4,45.8,-10.073563741465167,-7.282189217242824,19.03696199598079,11.922593139700998
Michael Busch,,710,21.48,10.89,9.1,39.8,25.0,64.4,11.2,47.5,-1.4484348427876246,-22.282870917439674,24.048442095590488,15.262067653599896
Zach McKinstry,,423,6.36,0.98,2.0,22.5,28.0,67.0,8.2,51.8,-19.745828548048486,-11.78902949238084,9.495461926882447,7.260049763028697
Trea Turner,,700,17.63,7.32,6.0,39.3,34.6,68.9,14.0,46.4,-15.622947098485794,-17.84072693291282,12.332733796491597,12.13612091814109
Nolan Arenado,,599,15.69,8.64,7.0,31.3,31.9,63.4,11.2,46.0,8.551476375011763,-10.544754664495185,13.073582640487269,11.480458889468839
Cam Smith,,568,25.4,8.66,11.2,43.5,30.0,69.1,14.1,47.3,-12.865550289107539,-19.66419432077385,9.597011028690876,12.057584459685025
Shohei Ohtani,,618,34.89,11.06,16.4,52.1,30.0,66.2,14.8,45.9,-8.812403166890181,4.783083626464168,14.44276920902001,15.178954525302908
Dominic Smith,,300,14.78,6.24,5.8,32.6,31.0,67.3,10.4,47.6,-1.9757036378656463,-15.112057124734456,6.389686704678141,5.402469734099104
Tanner Murray,,33,22.45,9.58,8.7,43.5,32.1,68.1,15.5,45.6,-0.25099717329967564,-1.2570686325997718,0.4363357686333244,0.8049021142772039
Starling Marte,,168,20.24,1.54,9.6,35.1,35.3,70.7,14.8,50.5,-7.247789496026354,-7.268678062871143,4.219409236375312,2.809184498098724
Rob Refsnyder,,129,18.86,8.03,8.6,34.6,25.7,64.7,12.9,48.2,-7.489539053521876,-11.897648228803527,3.9374479966503393,3.627878190587586
Matt Wallner,,135,23.21,9.62,10.4,40.3,31.6,74.1,22.9,48.2,-7.910976986007379,-5.248068230324691,3.2014414289988458,1.7725421189108836
Andrew Pinckney,,29,32.08,8.84,11.8,58.8,18.5,63.6,12.8,50.5,2.1191722965848188,-2.0888435968564623,0.32444732237757734,0.9468242851570532
J.T. Realmuto,,467,17.55,5.29,5.7,40.0,29.9,65.0,11.3,48.2,-20.70450517272856,-13.392302816053569,7.4003608146053885,10.921112311110354
Ivan Johnson,,19,3.88,10.96,0.0,22.2,32.5,59.3,22.2,44.4,-2.6096966619224493,-0.187859751036858,0.32454293327123185,0.40983723029621955
Luisangel Acuña,,224,13.59,7.17,3.5,36.5,34.1,71.3,13.2,46.2,-12.778890250078202,-6.7172814719814165,1.4528029950307952,2.81496182475872
Marcell Ozuna,,280,18.66,9.92,7.7,36.8,26.7,61.3,12.8,45.9,-13.164844506388427,-12.650232772284777,8.567514793995944,5.51032347138351
Jake Cronenworth,,425,11.4,5.32,3.9,29.7,29.0,63.7,9.8,48.4,-6.204919868759535,-19.33842339847414,9.653137565174639,6.298522576814512
Gabriel Arias,,149,23.28,8.95,9.9,42.0,38.6,69.5,23.9,45.6,3.4215263179875426,-11.254725826924902,0.4370204243184498,1.9686987142044525
David Fry,,214,16.31,10.06,6.5,34.4,27.5,63.0,12.7,45.9,-4.929536959487374,-7.601472657344337,6.4816178594989795,3.9951681176731704
Jonathan India,,58,14.19,7.06,5.7,31.4,17.9,60.0,8.9,50.6,-3.000026115131261,-0.6398015021928064,3.0267104252356565,1.2831416939434632
Eduardo Valencia,,138,32.81,5.06,15.5,49.5,35.3,71.5,14.2,48.3,4.020852850964345,2.6324195573168536,3.1888996093816138,2.461275723768158
Luis Arraez,,655,4.2,-2.67,1.2,19.4,33.1,63.2,3.5,51.5,-14.244640335762192,-8.641634383062216,16.258263013236878,10.890281316102717
Andrew Velazquez,,15,4.23,-13.39,0.0,23.1,52.4,70.8,8.9,53.3,-1.1558901642872752,-1.4600137514868494,-0.6260864842986378,0.22955916173308158
Abimelec Ortiz,,136,19.16,4.91,7.5,38.7,37.1,66.4,11.8,45.8,-6.228048460944762,-3.841680763858717,0.7131198787339577,2.460370025153765
José Fermín,,370,9.98,3.04,2.1,31.5,22.1,56.6,5.5,51.0,-10.92820037697474,-16.92758779563663,13.151346760950927,9.33694158456539
Luis Lara,,212,15.42,8.36,3.4,41.5,24.7,61.9,7.2,46.8,-10.759581553033179,-8.966997269533309,8.283507287478571,4.35740523925829
Sung-Mun Song,,154,10.59,6.14,3.8,27.9,23.6,62.5,9.4,49.4,-9.817875410028005,-8.056799413343565,5.646570290002798,4.1611675392769465
Greg Jones,,24,6.37,-6.45,0.0,28.6,38.9,66.6,21.0,55.6,-2.0985633843265683,-1.7046546876744113,-0.8966576585889197,0.14716828052339934
Will Wagner,,45,2.2,13.39,0.0,17.9,24.0,61.7,6.8,43.2,-0.4478344540143227,-1.3772706034390765,2.1765240524443077,0.458046842051659
Lawrence Butler,,540,22.84,10.15,8.6,44.8,24.6,68.4,12.2,48.4,-3.760740582832778,-20.360417377321536,14.59152566835786,11.487367472241205
Brice Turang,,680,20.53,8.22,7.7,41.6,24.8,62.3,10.0,49.1,5.4014301735324715,-17.01013409020796,22.47807785903624,12.880034685187287
Edwin Arroyo,,160,9.09,3.6,2.7,27.4,39.7,77.2,15.5,48.3,-4.505316592803687,-10.248461584459367,1.925786759610542,2.477239084221423
Angel Genao,,139,21.01,10.87,4.7,51.9,26.7,65.7,10.2,45.1,-7.92169742466172,-1.328871061216937,0.8156970354457975,2.2843610136547947
Ozzie Albies,,683,10.51,9.83,3.8,27.7,38.1,78.7,11.9,44.3,-12.162570777705351,-25.985170429911992,12.470717973811075,13.320307573113537
Eli White,,204,13.96,5.59,6.2,29.3,32.7,73.0,13.8,48.9,-0.19382954631445887,-4.3247827720401535,2.3792205865420173,3.256698248276961
Lucas Spence,,63,28.41,14.0,12.1,48.5,24.8,71.4,17.8,46.4,1.0075146144956477,-2.054583240204146,1.1983882218672866,1.1231703585245965
Evan Carter,,455,14.5,7.12,4.8,34.9,21.5,61.6,12.1,50.4,-12.65904689068565,-27.10765847911914,15.973491435241002,8.850872141839536
Jake Rogers,,171,20.55,7.53,9.4,36.5,25.6,60.5,11.3,47.8,-3.675590304138104,-11.047815942978785,4.09861680284823,4.483584516621619
Gleyber Torres,,420,15.01,11.61,6.1,32.3,18.9,66.7,9.5,48.7,-12.113028805061266,-16.437026578068213,20.132176978604058,10.513548956109615
Connor Joe,,45,22.88,5.31,8.3,45.8,24.3,57.4,10.0,49.0,-4.03069589097044,0.1612832799890442,0.8934034089808585,1.3032157195836587
Alex Jackson,,73,10.8,1.93,2.2,33.3,41.0,72.4,16.9,48.7,-0.1913911270366535,-3.3047394772709575,1.5428982232812316,0.9713469699017905
Deyvison De Los Santos,,43,10.31,1.67,3.2,29.0,40.0,59.5,15.4,46.7,-4.168894761162595,-2.0705102935040856,-0.02900365101780325,0.1151541685259743
Dalton Rushing,,253,26.31,8.65,11.9,43.7,30.4,69.7,15.6,47.6,-3.7212931313751088,-3.9860839425221606,7.23565430365924,4.836026149791373
Vidal Bruján,,13,-1.23,17.98,0.0,9.1,23.8,94.4,12.8,46.2,-0.6717206552757284,-1.8453605920200056,0.30408488538390915,0.1506323044204013
Luis Torrens,,281,17.62,5.94,5.6,40.5,32.4,66.2,10.4,47.1,-1.791857989463158,-15.02934268541094,5.978030847328756,6.116884004927721
Keibert Ruiz,,354,15.39,-2.32,5.0,36.6,38.7,66.5,7.5,50.0,-3.103058663498657,-5.192361717401365,7.173588419569998,2.2897733080057185
Brian Serven,,85,17.14,0.99,8.5,30.5,31.6,67.1,15.2,51.9,-3.087331944523226,-5.239861816671312,1.2092014272903697,0.9342582436975266
Victor Scott II,,195,6.35,4.42,1.6,23.7,22.6,69.5,11.6,52.5,-12.91606769243805,-6.50473136298564,5.014278905172968,3.327844914125675
Eric Wagaman,,52,13.1,4.6,5.7,28.6,28.3,59.2,13.1,48.9,-2.987496562431437,-0.851734247709767,0.8440800573757585,1.633880330950036
James Wood,,623,40.14,13.77,18.6,58.9,21.3,56.7,11.3,46.0,5.450671931000057,-19.27324394067313,25.67650984350144,14.453231740275589
Christian Koss,,221,10.28,4.84,4.0,26.5,39.5,71.0,16.3,46.7,-4.509221144597246,-10.154215544967602,2.110849868141808,3.2409635053383363
Sam Antonacci,,557,14.22,6.93,5.0,33.6,21.8,63.1,6.2,50.1,-11.611673871791758,-14.484553604378458,24.21608159242043,14.203032873987196
Rodolfo Durán,,91,17.14,5.47,8.5,30.5,31.9,61.2,11.6,46.7,-4.819249345723488,-1.9620913858533333,0.11249348774995818,2.5961691090860857
Nolan Gorman,,302,23.32,8.65,9.9,42.1,31.4,68.7,18.5,47.2,-10.191035009765992,-9.953153053985478,2.755907431914448,5.125156373831327
Justin Dean,,10,14.72,13.31,0.0,50.0,38.1,81.4,18.9,43.2,0.7792800403186908,0.035367420579934736,-0.15250694347355434,0.33383353500507146
Richie Palacios,,399,11.17,9.53,4.0,28.8,32.5,64.5,9.6,44.0,-8.052673229660712,-7.845164225670684,9.992642938365666,7.537200170663372
Blake Dunn,,155,10.46,2.2,2.9,30.3,28.7,64.2,10.9,51.0,-0.6872075939666232,-3.1410042701162557,3.171628421681027,1.5010731504640515
Hunter Goodman,,574,29.61,12.32,14.5,44.3,40.4,73.7,18.6,42.6,10.218607422103071,-4.1172779128199615,1.5917908352272725,10.97666901624987
Nolan Schanuel,,446,10.88,4.74,2.4,32.9,27.2,62.5,7.3,49.0,-12.201137081815666,-8.414089842830302,15.893639591762247,6.9819953790540605
James Outman,,170,17.99,12.06,7.0,37.2,30.2,75.0,21.4,46.9,-1.4573010411116214,-16.754167280312497,0.9145601516308866,3.75948866274074
Teoscar Hernández,,491,25.32,9.22,10.7,44.8,31.2,67.1,15.6,46.8,0.8203496396909922,-12.776852991448493,10.52767883780108,7.381551897390267
Chadwick Tromp,,51,5.48,-5.28,0.0,26.3,45.6,67.4,13.8,50.5,-1.8800984775406362,-4.372699816973409,-0.995587628657877,0.02722020726107563
Alek Thomas,,120,19.28,3.18,7.1,40.2,41.6,74.3,15.0,47.1,-4.741246927032732,-0.6130038242040123,-1.6452381165164496,0.7831354959157233
Rhys Hoskins,,317,26.19,11.15,12.6,41.3,22.2,64.0,13.7,47.8,-10.682820161943116,-11.083350570168156,12.249673632080594,7.472040126076264
Myles Straw,,330,8.39,2.24,2.7,25.6,23.1,57.8,5.2,51.0,-13.342300079940395,-10.252532000187506,10.733222972943976,5.799412943026242
Brendan Donovan,,159,9.25,8.64,2.7,27.8,25.3,66.2,7.8,47.4,-2.102526455234377,-4.878354539189942,4.865128950935085,5.466182666156431
Willson Contreras,,535,28.15,12.44,13.3,44.2,34.2,67.5,15.0,43.9,9.638885914244188,4.56440782918417,15.66218110606537,9.766550860745093
Kameron Misner,,44,3.02,8.45,0.0,20.0,30.1,77.0,19.6,49.5,-1.7485524348228745,-1.3285733952701742,0.4656869630528567,0.6924522712793852
Kahlil Watson,,91,16.12,5.43,7.1,32.1,35.3,73.5,19.2,49.0,-2.0110989570958817,-3.2461652564372354,0.5499738117224187,1.372188068656761
Ryan Ward,,60,19.23,9.57,10.8,28.9,32.1,77.2,14.7,46.8,-2.8029714842152234,-0.09352417743663344,1.0582100980184521,0.8337035547502534
Gavin Sheets,,419,18.5,7.13,7.1,38.2,31.0,58.1,9.0,45.4,-4.105826979932862,-16.624104498034534,8.515061050516865,10.137507393759652
Hunter Feduccia,,251,18.73,9.43,7.4,37.9,24.4,62.2,9.3,46.6,-12.84789036022264,-4.8258838739858865,8.85817108109869,4.109913778407792
Ethan Salas,,40,12.1,-0.05,3.3,33.3,31.5,64.4,9.4,51.0,-3.0959889461357344,1.997686037645648,0.5234521413767041,0.18910177531021788
Brandon Lowe,,655,27.71,11.81,12.4,45.8,33.6,70.8,17.9,45.7,10.030691428117816,-14.101987907914218,16.165988944434265,10.478386583353663
Harry Ford,,118,20.2,11.0,9.7,34.7,18.7,66.3,10.7,48.9,-0.18639038855663642,-8.688021843156507,4.368393109174633,2.9013309479876974
Heriberto Hernández,,505,29.04,14.16,12.7,48.3,23.9,69.6,14.7,46.6,-6.205258079773314,-18.802720239082632,20.017574781906376,11.57261083314344
Ben Rortvedt,,28,-2.71,-4.42,0.0,5.3,36.2,62.2,14.0,53.0,-1.7565809665038035,-1.5556811614050294,0.03300484841056628,-0.031302222866308654
Miguel Rojas,,252,15.0,7.62,4.8,36.2,32.4,68.4,8.3,45.6,-3.2190428992323814,-4.919749268259836,4.808070617162188,4.046582758882286
Otto Lopez,,687,18.21,3.76,6.0,40.8,31.2,62.1,9.0,48.8,-8.319068311924912,-1.7691564855398916,14.944507239962018,12.294691768328855
Tristan Peters,,491,14.89,4.98,5.4,34.1,32.6,74.7,12.3,49.9,1.3064240285309707,-8.385196475459749,8.704520173081997,8.987232225908452
Wade Meckler,,337,11.71,8.2,2.9,33.5,23.1,65.8,9.2,48.9,-7.197153123386231,-4.568364955004744,9.258766955041134,5.809999800768723
Nico Hoerner,,689,8.22,-1.16,1.4,29.1,33.7,61.8,5.6,49.9,-19.422044894377024,-10.778458400261098,11.468979655989374,9.703854572411302
Adley Rutschman,,410,18.5,7.33,7.0,38.5,25.7,57.0,6.6,46.9,-7.043410940490333,-14.068452922019162,15.369249440145037,9.380163557153034
Wilyer Abreu,,681,26.93,9.56,12.5,43.5,29.9,67.8,11.7,46.4,-13.556552281467976,-5.957667954410161,16.77028401762047,13.470196667199012
Jared Triolo,,362,10.88,4.91,2.4,32.9,25.7,64.5,10.0,50.0,-13.723124815722443,-14.161954048334271,8.345169261748513,7.999477165560063
Turner Hill,,124,12.5,3.73,4.5,30.7,20.3,59.2,5.5,51.1,-8.160424436022469,-1.5681439712769458,4.199026396584929,1.6823056680588186
Matt Shaw,,202,13.55,4.58,4.2,34.3,32.5,60.8,9.2,46.7,-7.409128940121812,-0.8332962646755995,3.4549652460889804,5.140295435820284
Bryson Stott,,608,16.89,3.8,5.9,37.7,30.0,54.7,7.8,47.7,-9.869994463980209,-13.81953803132201,17.193383084288595,10.358420415263318
Ha-Seong Kim,,147,7.57,0.77,2.2,25.0,26.8,58.0,8.6,50.9,-12.388740623768953,-9.80274143483112,4.242606848555964,1.041315704151147
Owen Caissie,,330,29.49,8.77,14.2,44.9,30.0,64.7,16.4,46.7,-7.96104426615931,-3.969360442955473,2.256694555952727,5.263611277289837
Travis Bazzana,,517,15.47,8.13,5.2,36.2,27.3,66.0,10.6,48.1,-3.2621007834677287,-19.212226644364268,16.18945872263201,9.902889322974435
Esteury Ruiz,,255,13.39,10.04,7.5,23.9,31.5,68.2,15.6,45.8,-7.356246271583999,-4.119779285380798,9.413884761658366,3.9403771883796663
Nick Fortes,,323,11.86,2.99,2.4,35.4,37.3,68.0,9.5,47.2,-6.2088891770476335,-10.680962962977036,3.5631209117170837,7.497741070656937
Mickey Gasper,,225,22.2,9.14,10.4,37.7,21.0,57.9,7.0,47.4,-3.772969367863079,-1.6232950718001002,8.503200512159863,4.736898342334991
Mauricio Dubón,,619,11.41,5.34,4.0,29.4,37.6,72.6,8.2,46.0,-9.480419121776306,-7.95580621867861,8.62017358462854,10.12979914485652
Andy Ibáñez,,26,2.32,-13.63,0.0,18.2,51.4,77.3,12.6,55.7,-1.5417374753216673,-1.904414831519738,-0.6821398329230317,0.16115012833901857
Parker Meadows,,39,7.19,7.17,3.8,19.2,27.9,65.0,9.2,47.2,-2.6074149146225483,-0.9876437146487778,1.5257870498898007,0.7079950412573311
Lourdes Gurriel Jr.,,201,13.83,5.16,4.6,33.8,40.5,68.0,12.8,44.7,-5.070042684292057,-11.837485904086769,1.19215985410532,2.4696497598598857
Alec Burleson,,670,28.05,8.64,11.3,50.0,38.1,72.6,12.1,44.9,-4.817707323272933,-4.842264114104918,18.278793515832763,11.903644551468345
Jordan Beck,,180,12.11,5.43,3.7,32.1,38.0,68.8,16.5,46.5,-6.885912230039302,-9.149344629133328,2.819506179292741,2.7448558128524225
Cal Raleigh,,530,27.46,12.96,14.1,40.0,35.8,70.1,16.0,42.6,-5.40577009053978,-29.62982327660235,11.0327081431076,12.94236163721563
Anthony Seigler,,173,15.44,6.45,5.6,34.9,26.4,66.3,10.3,49.1,0.24736579794527047,-8.879190811896928,4.905330499407099,2.958069753991836
Brandon Marsh,,568,21.27,4.24,8.0,42.6,36.3,69.3,13.0,47.9,0.03819482821901743,-20.21855243826011,6.713213941922773,6.3043906443896125
Rafael Flores Jr.,,163,30.23,1.52,14.6,45.6,27.7,61.2,13.9,52.2,-1.0568457148468557,1.7720087504894573,3.2916005267147765,2.967410900232239
Oneil Cruz,,419,34.34,11.32,15.4,53.7,30.1,57.5,15.0,44.2,-0.5097963658898252,0.132143708363392,12.561539193128418,7.672407287629754
Ramón Urías,,100,20.71,7.0,10.1,34.8,25.8,71.1,11.3,49.7,-2.456428761246739,-4.7289659915928315,2.439564257872049,2.385226470675099
Josh Bell,,631,22.93,11.04,9.6,42.0,29.6,71.6,11.1,45.9,-9.467557418502452,-14.974693595693495,18.144472535653264,10.726225535938863
Ronald Acuña Jr.,,469,27.52,16.08,13.0,43.5,28.6,75.7,14.3,44.2,-1.3341637930364505,-13.034433649933955,17.597446338814866,10.921130117372394
Brewer Hicklen,,47,20.73,14.46,8.7,39.1,27.7,73.8,21.3,46.0,0.41088618482290773,-0.8429913606016735,1.088130387525382,1.12134700918926
Charles McAdoo,,106,11.61,4.34,5.4,25.7,32.5,67.0,10.6,48.1,-3.862008035106401,-1.124822008049973,2.0896016315857695,2.2146498052780745
Connor Wong,,238,13.98,4.11,4.4,34.8,32.0,64.8,11.8,48.5,-4.387634313990604,-9.079831214401946,3.9774530666443346,4.384371354523534
Joshua Kuroda-Grauer,,74,12.04,-3.27,1.6,38.3,40.3,68.6,9.2,50.6,-0.7147753373123262,0.8511948836518166,1.746776097427058,1.0961724232277674
Christian Yelich,,500,23.28,10.33,9.6,42.9,24.4,68.0,13.4,48.2,-7.047077723868916,-19.663602594391495,13.920894318921206,6.9895181848453385
Javier Báez,,196,11.94,4.65,2.7,34.7,47.4,65.3,16.5,42.5,-9.52328421964626,-0.15579029133939037,-0.16747745839243172,2.1735955606824757
Cole Young,,638,15.86,4.99,5.1,37.5,30.6,66.6,9.4,48.6,-15.663481303107293,-24.04877110520963,17.396798406724436,12.494198250549859
Nick Yorke,,117,18.2,6.88,5.0,43.8,31.8,68.7,12.3,47.1,-3.5424036938358534,-7.4866194069577325,2.77159843883283,1.656065415775627
Brett Baty,,473,23.75,6.08,10.3,42.0,28.8,69.4,14.4,50.0,-9.759107075159958,-16.308614175134764,15.969113583357716,6.319306162827896
Zach Cole,,53,34.43,5.51,16.7,50.0,28.2,60.5,19.2,49.8,-1.8476147742678166,-2.9716522575905113,0.7619183629339137,0.7785466434041965
Nick Loftin,,426,11.76,5.16,4.2,29.7,25.4,57.3,7.2,48.6,-5.257597946067202,-14.877316394132492,12.612233712230315,5.920818982595455
Xavier Edwards,,595,10.07,9.62,3.2,28.4,24.4,65.6,7.7,47.1,-20.736745880643905,-8.170835667422779,21.169217158073423,9.206151507195404
Isaac Collins,,519,16.68,6.57,5.2,39.3,22.0,59.2,8.8,49.5,-18.601631223779933,-18.29970710273093,16.509780107634267,11.715996850928464
Ben Malgeri,,140,20.13,9.17,7.1,42.4,23.8,66.9,12.1,48.5,-4.002087418959455,-0.36922630645725435,3.811718638820609,3.398311467709599
TJ Friedl,,272,9.56,6.78,2.9,28.0,24.1,63.1,10.8,49.0,-15.906670417292592,-13.686639721290227,7.7558303374455315,5.372947575486543
Kyle Schwarber,,701,32.85,16.1,15.6,49.3,26.1,66.5,14.7,45.1,11.857317639620316,-18.68729217183182,26.45066101402591,19.756799376406075
Henry Davis,,298,21.32,7.09,8.6,40.9,32.3,75.3,13.6,48.1,-14.63390670946105,-8.372168701903416,8.29622102408605,6.4112599352938835
Lane Thomas,,374,18.72,8.83,6.4,40.9,20.6,62.8,9.5,49.1,-12.442712236090273,-11.136347658012603,15.447216236720191,6.268106128936474
Chuckie Robinson,,26,0.8,-8.73,0.0,14.3,27.3,79.0,17.8,63.3,-2.4776040574893288,-1.681600362092979,-0.3748243801050175,0.2702560744175386
George Valera,,38,8.68,-3.65,0.0,34.5,40.4,72.5,12.6,52.1,0.05576852067366209,-2.360052587054647,0.1959626607416658,0.2169101378108284
Patrick Wisdom,,50,34.37,2.51,19.2,42.3,40.4,71.7,23.1,49.5,-5.115745136393784,-2.2521013479567937,0.26930165133490247,0.2889187336827235
Blaze Alexander,,289,22.04,8.42,6.6,48.8,30.2,82.4,14.2,49.6,-3.4554395653211483,-7.802704393620893,8.386587016244729,5.526051714934298
Brenton Doyle,,223,16.97,3.95,6.7,35.5,34.9,74.0,17.7,50.1,0.5350309240228242,-10.616182783172182,0.4046702607537344,2.4938516082294337
Austin Hays,,105,16.4,9.44,4.1,41.9,36.6,74.4,18.2,45.5,0.8592468232299237,-4.148871653042393,0.6598330964504937,1.2787621516203744
Ramón Laureano,,206,28.16,8.73,14.3,41.2,32.7,70.9,15.7,46.6,-4.308204078042811,-6.989474579428735,4.294355338241515,4.10307010093387
Rafael Devers,,633,30.09,8.85,12.5,51.6,30.0,66.4,13.7,47.5,-3.931280346298707,-2.9575309325881216,19.397405907612736,11.09581327291816
Austin Hedges,,247,13.17,6.84,4.5,32.4,25.4,64.5,10.7,48.9,-7.54554660679662,0.5567878246105422,6.704032903809295,3.4322238923531176
Oswaldo Cabrera,,25,8.21,4.25,0.0,33.3,30.4,79.6,13.7,51.6,-2.015307308236949,-1.7411137164404529,1.1289987979537977,-0.1704618149950658
Jake McCarthy,,596,12.55,7.15,5.4,28.1,37.8,79.3,12.2,47.0,4.923431007433485,-11.133446251387436,10.190452019907122,8.200056203457404
Leo Rivas,,148,2.99,5.3,1.2,16.3,17.1,56.2,8.6,51.4,-12.980868956776202,-8.32985799692261,6.606741765591532,3.191844751356273
Jarren Duran,,608,21.52,6.15,9.1,39.9,34.4,69.2,17.1,47.7,-9.097506848631461,-33.36746717544517,3.946393409880632,9.053855175337043
Ke'Bryan Hayes,,242,18.38,3.05,6.9,38.5,30.9,62.3,10.8,48.7,-8.23744535807996,-17.038038537017755,-0.5319943525263501,3.9604863516007596
Jim Jarvis,,124,13.54,5.29,3.3,37.0,28.0,62.0,8.3,47.7,-9.211090463618829,0.2175757900011665,1.5165764149446128,1.7204212129036358
Tommy Troy,,143,18.09,5.97,9.4,30.2,27.7,63.3,11.7,48.6,-2.9550730321713483,-7.618208895170582,3.979794298822546,2.7499531530698844
Dane Myers,,334,15.16,7.23,4.9,36.3,25.2,62.5,9.3,48.2,-14.76530656361445,3.7321985662702515,10.725231294174515,7.740992289680317
Josh Smith,,243,14.35,2.59,6.3,30.0,34.1,61.4,11.5,48.0,-9.669703940597147,-8.877475236576624,5.089811276354431,3.694012231164299
Caleb Durbin,,586,8.16,3.97,2.7,25.0,28.2,64.6,7.6,49.7,-17.362527654238843,-11.010820264084016,18.760333980461134,11.94314592543181
Nathan Church,,470,13.17,2.79,5.3,30.0,42.3,72.3,11.5,46.4,-11.344526113179603,-18.080952195176877,7.868460639739977,8.16986339700382
Daulton Varsho,,526,17.6,6.33,6.9,36.5,36.5,72.4,11.6,46.2,-15.689973454322933,-21.24825322419858,10.536413130072054,10.391218256664267
Andrés Chaparro,,228,27.88,13.61,13.1,44.1,32.0,71.3,16.0,44.0,5.341300885915803,-4.529288973237785,7.0605425337907155,6.901550423069932
Manny Machado,,677,23.67,8.51,9.7,43.6,30.5,67.3,12.1,47.0,-13.045606631055968,-21.529959758919148,19.548740959773937,14.110943882088252
Yainer Diaz,,361,18.49,3.23,6.9,38.8,42.1,74.6,12.8,47.1,2.3294181586491622,-0.14950624025885262,4.0171934389174435,4.371636592217429
Andrew Knizner,,80,13.8,4.23,5.1,32.2,39.4,61.8,12.7,45.0,-1.908233383911961,-3.2537059794689456,0.3460979472543577,2.561029647194515
Riley Greene,,592,30.62,12.61,14.8,46.0,26.0,68.9,13.8,46.9,3.357410732494844,-9.169946467860282,14.504647182175374,14.486519564167835
Jared Serna,,32,15.74,6.58,4.8,38.1,31.1,74.2,13.4,48.7,-0.9711463082373675,-0.6921756493536864,0.34396029913269505,0.4020152411890717
Pedro Pagés,,211,15.0,3.74,4.3,37.7,34.9,64.6,13.8,47.8,-5.509275311324859,-11.65166841442099,2.1260804545779606,3.154207196659597
Shay Whitcomb,,122,21.11,4.33,10.8,33.7,34.6,65.1,13.5,47.6,0.5868546973658753,-9.373369148702773,0.2352116466143696,1.9333938440806355
Jo Adell,,660,23.23,8.23,8.9,44.9,35.3,73.9,15.0,46.4,-14.767970324716918,-16.02955460135354,10.101635561995861,12.409442808437653
Pavin Smith,,122,15.43,1.42,4.7,37.6,27.7,62.1,8.9,50.9,-7.56322028636157,-2.4782667423719174,1.2357637464144284,2.002314102449583
Tommy Edman,,331,13.95,7.52,5.3,32.0,30.4,64.6,10.7,46.8,-2.1473499099333426,-8.67593648105531,8.053707591001833,8.790518888907283
Vinnie Pasquantino,,481,22.69,9.34,9.5,41.7,30.6,66.1,7.1,44.8,-8.47115476153975,-5.683748748294418,11.329181213997492,10.275829260027
Alex Freeland,,269,17.94,8.29,6.2,39.5,21.7,59.6,11.1,48.5,-13.938779504892398,-4.989663512141335,6.515493887586816,6.49915177869493
Denzer Guzman,,304,14.46,4.51,4.8,34.8,33.6,73.5,14.4,49.4,-9.8001705217429,-13.988491488516717,6.426698350253839,5.445612099968656
Jeremy Peña,,483,19.0,8.72,7.2,39.2,39.3,74.5,17.6,45.5,12.47405737791375,-10.097302464754495,-0.9040459192146936,9.459818285692734
Chase DeLauter,,559,20.71,10.69,6.3,46.3,21.1,65.5,6.3,47.8,-7.917813954026569,-7.950256060615928,18.17013513878369,12.138449397360496
Jacob Gonzalez,,227,15.43,1.6,4.8,37.3,37.7,73.8,11.7,49.3,-7.984861719634394,-7.727484563729181,4.142039926232055,4.084480955494934
Jared Young,,342,22.56,10.52,7.7,46.8,27.5,70.2,11.6,46.6,-9.860448757052756,-2.9048991479643833,10.824043692077675,6.555676960567734
Alec Bohm,,629,19.38,5.91,6.0,43.8,26.0,66.4,7.6,49.5,-9.777153231296868,-19.03981274727449,14.352429371452365,12.915574080687781
JJ Wetherholt,,619,21.46,7.91,7.4,44.9,21.2,63.1,8.5,49.7,-21.19739104136369,-15.403334013021833,22.04173347308756,15.17216551443306
Sal Frelick,,384,8.39,1.01,2.3,26.8,24.6,60.1,4.3,51.2,-22.938201729331496,-6.469764119449204,12.178695953777645,5.653862237905877
Jacob Wilson,,337,8.93,-0.86,2.5,27.6,42.3,70.5,8.3,48.2,-1.3196315772977685,-9.02415378379593,6.622634039743996,1.126057375143407
