mlbam_id,team_abbr,pos,hand,name,name_raw
650644,ATH,P,R,Aaron Civale,Aaron Civale
675961,ATH,SS,R,Alika Williams,Alika Williams
666126,ATH,RF,S,Carlos Cortes,Carlos Cortes
687515,ATH,RF,R,Colby Thomas,Colby Thomas
665660,ATH,P,R,Elvis Alvarado,Elvis Alvarado
695611,ATH,P,L,Gage Jump,Gage Jump
703607,ATH,CF,R,Henry Bolte,Henry Bolte
663687,ATH,P,L,Hogan Harris,Hogan Harris
669372,ATH,P,R,JT Ginn,J.T. Ginn
678022,ATH,P,R,Jack Perkins,Jack Perkins
805779,ATH,SS,R,Jacob Wilson,Jacob Wilson
643446,ATH,2B,R,Jeff McNeil,Jeff McNeil
605488,ATH,P,L,Jeffrey Springs,Jeffrey Springs
641680,ATH,C,R,Jonah Heim,Jonah Heim
660761,ATH,P,L,Jose Suarez,José Suarez
686993,ATH,P,R,Justin Sterner,Justin Sterner
671732,ATH,RF,R,Lawrence Butler,Lawrence Butler
665622,ATH,P,R,Luis Medina,Luis Medina
643410,ATH,P,R,Mark Leiter,Mark Leiter Jr.
686930,ATH,P,R,Mason Barnett,Mason Barnett
691777,ATH,3B,R,Max Muncy,Max Muncy
701762,ATH,1B,L,Nick Kurtz,Nick Kurtz
605130,ATH,P,R,Scott Barlow,Scott Barlow
669127,ATH,C,R,Shea Langeliers,Shea Langeliers
691016,ATH,LF,R,Tyler Soderstrom,Tyler Soderstrom
680869,ATH,3B,R,Zack Gelof,Zack Gelof
695257,PIT,RF,R,Billy Cook,Billy Cook
684049,PIT,P,R,Brandan Bidois,Brandan Bidois
664040,PIT,2B,R,Brandon Lowe,Brandon Lowe
677952,PIT,P,R,Braxton Ashcraft,Braxton Ashcraft
668804,PIT,LF,R,Bryan Reynolds,Bryan Reynolds
696149,PIT,P,R,Bubba Chandler,Bubba Chandler
669387,PIT,P,R,Carmen Mlodzinski,Carmen Mlodzinski
642701,PIT,P,R,Dennis Santana,Dennis Santana
682848,PIT,C,R,Endy Rodriguez,Endy Rodríguez
699013,PIT,RF,R,Esmerlyn Valdez,Esmerlyn Valdez
681895,PIT,P,L,Evan Sisk,Evan Sisk
642397,PIT,P,L,Gregory Soto,Gregory Soto
680779,PIT,C,R,Henry Davis,Henry Davis
676755,PIT,P,R,Isaac Mattson,Isaac Mattson
663968,PIT,LF,L,Jake Mangum,Jake Mangum
683003,PIT,P,R,Jared Jones,Jared Jones
669707,PIT,SS,R,Jared Triolo,Jared Triolo
542303,PIT,DH,R,Marcell Ozuna,Marcell Ozuna
682254,PIT,P,L,Mason Montgomery,Mason Montgomery
656605,PIT,P,R,Mitch Keller,Mitch Keller
693304,PIT,3B,R,Nick Gonzales,Nick Gonzales
694973,PIT,P,R,Paul Skenes,Paul Skenes
656811,PIT,RF,L,Ryan O'Hearn,Ryan O'Hearn
687462,PIT,1B,R,Spencer Horwitz,Spencer Horwitz
682997,PIT,LF,R,Tyler Callihan,Tyler Callihan
670990,PIT,P,R,Yohan Ramirez,Yohan Ramírez
670970,SD,P,L,Adrian Morejon,Adrian Morejon
675448,SD,C,R,Blake Hunt,Blake Hunt
699134,SD,P,R,Bradgley Rodriguez,Bradgley Rodriguez
688158,SD,P,R,David Morgan,David Morgan
665487,SD,RF,R,Fernando Tatis,Fernando Tatis Jr.
657757,SD,1B,L,Gavin Sheets,Gavin Sheets
656288,SD,P,R,Griffin Canning,Griffin Canning
701538,SD,CF,R,Jackson Merrill,Jackson Merrill
687749,SD,RF,R,Jase Bowen,Jase Bowen
592094,SD,P,R,Jason Adam,Jason Adam
606996,SD,P,L,Kyle Hart,Kyle Hart
608337,SD,P,R,Lucas Giolito,Lucas Giolito
592518,SD,3B,R,Manny Machado,Manny Machado
650633,SD,P,R,Michael King,Michael King
669256,SD,1B,R,Nick Solak,Nick Solak
681190,SD,P,R,Randy Vasquez,Randy Vásquez
660710,SD,C,R,Rodolfo Duran,Rodolfo Durán
669392,SD,LF,R,Samad Taylor,Samad Taylor
823550,SD,2B,R,Sung-Mun Song,Sung-Mun Song
664034,SD,1B,R,Ty France,Ty France
621111,SD,P,R,Walker Buehler,Walker Buehler
593974,SD,P,L,Wandy Peralta,Wandy Peralta
695238,SD,DH,R,Will Wagner,Will Wagner
593428,SD,SS,R,Xander Bogaerts,Xander Bogaerts
673513,SD,P,L,Yuki Matsui,Yuki Matsui
695380,SEA,P,R,Alex Hoppe,Alex Hoppe
662253,SEA,P,R,Andres Munoz,Andrés Muñoz
693433,SEA,P,R,Bryan Woo,Bryan Woo
682243,SEA,P,R,Bryce Miller,Bryce Miller
663728,SEA,C,R,Cal Raleigh,Cal Raleigh
702284,SEA,2B,R,Cole Young,Cole Young
806068,SEA,3B,R,Colt Emerson,Colt Emerson
656582,SEA,RF,R,Connor Joe,Connor Joe
686527,SEA,DH,R,Dominic Canzone,Dominic Canzone
660825,SEA,P,R,Eduard Bazardo,Eduard Bazardo
676106,SEA,P,R,Emerson Hancock,Emerson Hancock
642100,SEA,P,L,Gabe Speier,Gabe Speier
669923,SEA,P,R,George Kirby,George Kirby
641487,SEA,SS,R,JP Crawford,J.P. Crawford
678606,SEA,P,L,Jose Ferrer,José A. Ferrer
647304,SEA,1B,L,Josh Naylor,Josh Naylor
677594,SEA,CF,R,Julio Rodriguez,Julio Rodríguez
669302,SEA,P,R,Logan Gilbert,Logan Gilbert
622491,SEA,P,R,Luis Castillo,Luis Castillo
670042,SEA,RF,R,Luke Raley,Luke Raley
621074,SEA,P,R,Michael Rucker,Michael Rucker
670156,SEA,3B,R,Miles Mastrobuoni,Miles Mastrobuoni
641598,SEA,C,R,Mitch Garver,Mitch Garver
689546,SEA,P,R,Nick Davila,Nick Davila
608701,SEA,DH,R,Rob Refsnyder,Rob Refsnyder
645302,SEA,RF,R,Victor Robles,Victor Robles
605288,SF,P,R,Adrian Houser,Adrian Houser
805811,SF,DH,R,Bryce Eldridge,Bryce Eldridge
671083,SF,1B,R,Buddy Kennedy,Buddy Kennedy
668873,SF,P,R,Caleb Kilian,Caleb Kilian
669477,SF,DH,R,Casey Schmitt,Casey Schmitt
691740,SF,C,R,Daniel Susac,Daniel Susac
687551,SF,CF,L,Drew Gilbert,Drew Gilbert
681916,SF,P,R,Dylan Smith,Dylan Smith
606992,SF,C,R,Eric Haase,Eric Haase
669062,SF,P,L,Erik Miller,Erik Miller
664141,SF,P,R,JT Brubaker,JT Brubaker
813841,SF,CF,R,Jonah Cox,Jonah Cox
808982,SF,RF,R,Jung Hoo Lee,Jung Hoo Lee
694738,SF,P,R,Landen Roupp,Landen Roupp
657277,SF,P,R,Logan Webb,Logan Webb
650333,SF,2B,R,Luis Arraez,Luis Arraez
656305,SF,3B,R,Matt Chapman,Matt Chapman
657424,SF,P,L,Matt Gage,Matt Gage
646240,SF,1B,R,Rafael Devers,Rafael Devers
592662,SF,P,L,Robbie Ray,Robbie Ray
676254,SF,P,R,Ryan Walker,Ryan Walker
656529,SF,P,L,Sam Hentges,Sam Hentges
686790,SF,P,R,Trevor McDonald,Trevor McDonald
663941,SF,P,R,Tristan Beck,Tristan Beck
682674,SF,RF,R,Victor Bericoto,Victor Bericoto
642715,SF,SS,R,Willy Adames,Willy Adames
676475,STL,1B,L,Alec Burleson,Alec Burleson
669467,STL,P,R,Andre Pallante,Andre Pallante
691458,STL,1B,R,Blaze Jordan,Blaze Jordan
663494,STL,LF,R,Bryan Torres,Bryan Torres
669160,STL,P,R,Dustin May,Dustin May
666277,STL,P,R,George Soriano,George Soriano
700669,STL,P,R,Gordon Graceffo,Gordon Graceffo
671056,STL,DH,R,Ivan Herrera,Iván Herrera
802139,STL,2B,R,JJ Wetherholt,JJ Wetherholt
699625,STL,C,R,Jimmy Crooks,Jimmy Crooks
668941,STL,P,L,JoJo Romero,JoJo Romero
691023,STL,RF,R,Jordan Walker,Jordan Walker
665877,STL,LF,R,Jose Fermin,José Fermín
677865,STL,P,L,Justin Bruihl,Justin Bruihl
681517,STL,P,R,Kyle Leahy,Kyle Leahy
663457,STL,LF,R,Lars Nootbaar,Lars Nootbaar
691026,STL,SS,R,Masyn Winn,Masyn Winn
694335,STL,P,R,Matt Svanson,Matt Svanson
669461,STL,P,L,Matthew Liberatore,Matthew Liberatore
691008,STL,P,R,Max Rajcic,Max Rajcic
700241,STL,P,R,Michael McGreevy,Michael McGreevy
701675,STL,LF,L,Nathan Church,Nathan Church
676369,STL,OF,R,Nelson Velazquez,Nelson Velázquez
686780,STL,C,R,Pedro Pages,Pedro Pagés
676617,STL,P,R,Riley O'Brien,Riley O'Brien
592773,STL,P,R,Ryne Stanek,Ryne Stanek
596103,TB,RF,R,Austin Slater,Austin Slater
810938,TB,2B,R,Ben Williamson,Ben Williamson
641329,TB,P,R,Bryan Baker,Bryan Baker
592155,TB,P,L,Cam Booser,Cam Booser
668984,TB,P,R,Casey Legumina,Casey Legumina
656775,TB,CF,L,Cedric Mullins,Cedric Mullins
802415,TB,LF,R,Chandler Simpson,Chandler Simpson
642121,TB,P,R,Cole Sulser,Cole Sulser
518886,TB,P,R,Craig Kimbrel,Craig Kimbrel
656876,TB,P,R,Drew Rasmussen,Drew Rasmussen
664076,TB,P,L,Garrett Cleavinger,Garrett Cleavinger
643377,TB,P,R,Griffin Jax,Griffin Jax
676439,TB,C,R,Hunter Feduccia,Hunter Feduccia
693855,TB,P,L,Ian Seymour,Ian Seymour
666018,TB,1B,R,Jonathan Aranda,Jonathan Aranda
691406,TB,3B,R,Junior Caminero,Junior Caminero
687330,TB,P,R,Kevin Kelly,Kevin Kelly
663743,TB,C,R,Nick Fortes,Nick Fortes
607259,TB,P,R,Nick Martinez,Nick Martinez
680700,TB,2B,R,Richie Palacios,Richie Palacios
668723,TB,RF,R,Ryan Vilade,Ryan Vilade
663556,TB,P,L,Shane McClanahan,Shane McClanahan
571927,TB,P,L,Steven Matz,Steven Matz
670764,TB,SS,R,Taylor Walls,Taylor Walls
683748,TB,RF,L,Victor Mesa,Victor Mesa Jr.
650490,TB,DH,R,Yandy Diaz,Yandy Díaz
696030,TEX,LF,L,Alejandro Osuna,Alejandro Osuna
607043,TEX,RF,R,Brandon Nimmo,Brandon Nimmo
615698,TEX,P,R,Cal Quantrill,Cal Quantrill
683227,TEX,3B,R,Cody Freeman,Cody Freeman
668390,TEX,P,R,Cole Winn,Cole Winn
553869,TEX,C,R,Elias Diaz,Elias Díaz
677649,TEX,2B,R,Ezequiel Duran,Ezequiel Duran
683004,TEX,P,R,Jack Leiter,Jack Leiter
656641,TEX,P,L,Jacob Latz,Jacob Latz
594798,TEX,P,R,Jacob deGrom,Jacob deGrom
669394,TEX,1B,R,Jake Burger,Jake Burger
596001,TEX,P,R,Jakob Junis,Jakob Junis
592626,TEX,DH,L,Joc Pederson,Joc Pederson
605452,TEX,P,R,Joe Ross,Joe Ross
673962,TEX,3B,R,Josh Jung,Josh Jung
669701,TEX,2B,R,Josh Smith,Josh Smith
679822,TEX,2B,R,Justin Foscue,Justin Foscue
677958,TEX,P,R,Kumar Rocker,Kumar Rocker
543309,TEX,C,R,Kyle Higashioka,Kyle Higashioka
669022,TEX,P,L,MacKenzie Gore,MacKenzie Gore
543135,TEX,P,R,Nathan Eovaldi,Nathan Eovaldi
670032,TEX,2B,R,Nicky Lopez,Nicky Lopez
682608,TEX,P,R,Peyton Gray,Peyton Gray
695239,TEX,P,L,Robby Ahlstrom,Robby Ahlstrom
641302,TEX,P,L,Tyler Alexander,Tyler Alexander
694671,TEX,LF,R,Wyatt Langford,Wyatt Langford
672386,TOR,C,R,Alejandro Kirk,Alejandro Kirk
665926,TOR,SS,R,Andres Gimenez,Andrés Giménez
678218,TOR,C,R,Brandon Valenzuela,Brandon Valenzuela
680755,TOR,P,R,Braydon Fisher,Braydon Fisher
689149,TOR,P,R,Chad Dallas,Chad Dallas
807727,TOR,2B,R,Charles McAdoo,Charles McAdoo
676914,TOR,LF,R,Davis Schneider,Davis Schneider
656302,TOR,P,R,Dylan Cease,Dylan Cease
676391,TOR,2B,R,Ernie Clement,Ernie Clement
543807,TOR,DH,R,George Springer,George Springer
656546,TOR,P,R,Jeff Hoffman,Jeff Hoffman
660821,TOR,RF,R,Jesus Sanchez,Jesús Sánchez
672960,TOR,3B,R,Kazuma Okamoto,Kazuma Okamoto
592332,TOR,P,R,Kevin Gausman,Kevin Gausman
686973,TOR,P,R,Louis Varland,Louis Varland
689254,TOR,P,L,Mason Fluharty,Mason Fluharty
664702,TOR,RF,R,Myles Straw,Myles Straw
664770,TOR,RF,R,Nathan Lukes,Nathan Lukes
571578,TOR,P,L,Patrick Corbin,Patrick Corbin
680573,TOR,P,R,Simeon Woods Richardson,Simeon Woods Richardson
693686,TOR,P,R,Spencer Miles,Spencer Miles
667297,TOR,P,R,Tommy Nance,Tommy Nance
702056,TOR,P,R,Trey Yesavage,Trey Yesavage
643511,TOR,P,R,Tyler Rogers,Tyler Rogers
665489,TOR,1B,R,Vladimir Guerrero,Vladimir Guerrero Jr.
682818,TOR,LF,L,Yohendrick Pinango,Yohendrick Piñango
656577,MIN,C,R,Alex Jackson,Alex Jackson
702193,MIN,P,R,Andrew Morris,Andrew Morris
607455,MIN,P,L,Anthony Banda,Anthony Banda
668885,MIN,RF,R,Austin Martin,Austin Martin
686797,MIN,SS,R,Brooks Lee,Brooks Lee
621439,MIN,CF,R,Byron Buxton,Byron Buxton
689520,MIN,P,R,Cody Laweryson,Cody Laweryson
687570,MIN,P,L,Connor Prielipp,Connor Prielipp
679358,MIN,P,R,Eric Orze,Eric Orze
657746,MIN,P,R,Joe Ryan,Joe Ryan
605137,MIN,DH,R,Josh Bell,Josh Bell
664875,MIN,P,R,Justin Lawrence,Justin Lawrence
665019,MIN,1B,R,Kody Clemens,Kody Clemens
693459,MIN,LF,R,Kyler Fedko,Kyler Fedko
807712,MIN,2B,R,Luke Keaschall,Luke Keaschall
702474,MIN,P,R,Mike Paredes,Mike Paredes
668904,MIN,3B,R,Royce Lewis,Royce Lewis
668952,MIN,CF,R,Ryan Kreidler,Ryan Kreidler
671737,MIN,P,R,Taj Bradley,Taj Bradley
573124,MIN,P,L,Taylor Rogers,Taylor Rogers
701519,MIN,P,R,Travis Adams,Travis Adams
663616,MIN,LF,R,Trevor Larnach,Trevor Larnach
656484,MIN,3B,R,Tristan Gray,Tristan Gray
605170,MIN,C,R,Victor Caratini,Victor Caratini
672782,MIN,P,R,Yoendrys Gomez,Yoendrys Gómez
805673,MIN,P,R,Zebby Matthews,Zebby Matthews
605400,PHI,P,R,Aaron Nola,Aaron Nola
664761,PHI,3B,R,Alec Bohm,Alec Bohm
669016,PHI,LF,R,Brandon Marsh,Brandon Marsh
547180,PHI,1B,R,Bryce Harper,Bryce Harper
669060,PHI,P,R,Bryse Wilson,Bryse Wilson
681082,PHI,2B,R,Bryson Stott,Bryson Stott
663767,PHI,P,R,Chase Shugart,Chase Shugart
650911,PHI,P,L,Cristopher Sanchez,Cristopher Sánchez
656537,PHI,RF,R,Derek Hill,Derek Hill
624641,PHI,2B,R,Edmundo Sosa,Edmundo Sosa
687282,PHI,RF,R,Gabriel Rincones,Gabriel Rincones Jr.
596117,PHI,C,R,Garrett Stubbs,Garrett Stubbs
592663,PHI,C,R,JT Realmuto,J.T. Realmuto
666200,PHI,P,L,Jesus Luzardo,Jesús Luzardo
661395,PHI,P,R,Jhoan Duran,Jhoan Duran
680742,PHI,P,R,Jonathan Bowlan,Jonathan Bowlan
621237,PHI,P,L,Jose Alvarado,José Alvarado
702222,PHI,CF,R,Justin Crawford,Justin Crawford
656941,PHI,DH,R,Kyle Schwarber,Kyle Schwarber
676661,PHI,P,R,Max Lazar,Max Lazar
689147,PHI,P,R,Orion Kerkering,Orion Kerkering
665561,PHI,C,R,Rafael Marchan,Rafael Marchán
686751,PHI,P,R,Seth Johnson,Seth Johnson
641835,PHI,P,L,Tim Mayza,Tim Mayza
607208,PHI,SS,R,Trea Turner,Trea Turner
554430,PHI,P,R,Zack Wheeler,Zack Wheeler
663586,ATL,3B,R,Austin Riley,Austin Riley
693821,ATL,P,R,Bryce Elder,Bryce Elder
471911,ATL,P,R,Carlos Carrasco,Carlos Carrasco
519242,ATL,P,L,Chris Sale,Chris Sale
800311,ATL,P,R,Didier Fuentes,Didier Fuentes
642086,ATL,DH,L,Dominic Smith,Dominic Smith
686948,ATL,C,R,Drake Baldwin,Drake Baldwin
689266,ATL,P,L,Dylan Dodd,Dylan Dodd
669276,ATL,P,L,Dylan Lee,Dylan Lee
642201,ATL,CF,R,Eli White,Eli White
656550,ATL,P,R,Grant Holmes,Grant Holmes
673490,ATL,SS,R,Ha-Seong Kim,Ha-Seong Kim
702275,ATL,P,R,JR Ritchie,JR Ritchie
675916,ATL,P,R,James Karinchak,James Karinchak
663698,ATL,C,R,Joey Bart,Joey Bart
622761,ATL,SS,R,Jorge Mateo,Jorge Mateo
527048,ATL,P,L,Martin Perez,Martín Pérez
621566,ATL,1B,R,Matt Olson,Matt Olson
643289,ATL,SS,R,Mauricio Dubon,Mauricio Dubón
671739,ATL,CF,L,Michael Harris,Michael Harris II
573262,ATL,LF,L,Mike Yastrzemski,Mike Yastrzemski
645277,ATL,2B,R,Ozzie Albies,Ozzie Albies
628452,ATL,P,R,Raisel Iglesias,Raisel Iglesias
625643,ATL,P,R,Reynaldo Lopez,Reynaldo López
663158,ATL,P,R,Robert Suarez,Robert Suarez
642133,ATL,1B,L,Rowdy Tellez,Rowdy Tellez
643217,CWS,DH,L,Andrew Benintendi,Andrew Benintendi
641743,CWS,P,L,Anthony Kay,Anthony Kay
695731,CWS,RF,R,Braden Montgomery,Braden Montgomery
685126,CWS,P,L,Brandon Eisert,Brandon Eisert
663542,CWS,P,L,Bryan Hudson,Bryan Hudson
805367,CWS,2B,R,Chase Meidroth,Chase Meidroth
669684,CWS,P,L,Chris Murphy,Chris Murphy
695657,CWS,SS,R,Colson Montgomery,Colson Montgomery
663436,CWS,P,R,Davis Martin,Davis Martin
691011,CWS,C,R,Drew Romo,Drew Romo
700337,CWS,C,R,Edgar Quero,Edgar Quero
607200,CWS,P,R,Erick Fedde,Erick Fedde
691799,CWS,P,R,Grant Taylor,Grant Taylor
694378,CWS,1B,R,Jacob Gonzalez,Jacob Gonzalez
697812,CWS,P,L,Joe Rock,Joe Rock
678577,CWS,CF,R,Junior Perez,Junior Perez
682668,CWS,CF,R,Luisangel Acuna,Luisangel Acuña
678246,CWS,3B,R,Miguel Vargas,Miguel Vargas
545341,CWS,RF,R,Randal Grichuk,Randal Grichuk
803011,CWS,LF,R,Sam Antonacci,Sam Antonacci
680732,CWS,P,R,Sean Burke,Sean Burke
656794,CWS,P,L,Sean Newcomb,Sean Newcomb
622554,CWS,P,R,Seranthony Dominguez,Seranthony Domínguez
670950,CWS,P,R,Trevor Richards,Trevor Richards
671976,CWS,CF,R,Tristan Peters,Tristan Peters
699823,CWS,P,R,Tyler Davis,Tyler Davis
669622,MIA,P,R,Anthony Bender,Anthony Bender
806188,MIA,P,L,Cade Gibson,Cade Gibson
676534,MIA,P,R,Calvin Faucher,Calvin Faucher
666624,MIA,1B,R,Christopher Morel,Christopher Morel
681393,MIA,1B,R,Connor Norby,Connor Norby
690978,MIA,P,L,Dax Fulton,Dax Fulton
665923,MIA,RF,R,Esteury Ruiz,Esteury Ruiz
681715,MIA,LF,R,Heriberto Hernandez,Heriberto Hernández
805300,MIA,CF,L,Jakob Marsee,Jakob Marsee
691594,MIA,3B,R,Javier Sanoja,Javier Sanoja
691788,MIA,C,R,Joe Mack,Joe Mack
667463,MIA,P,L,John King,John King
669065,MIA,LF,L,Kyle Stowers,Kyle Stowers
669199,MIA,P,R,Lake Bachar,Lake Bachar
677870,MIA,3B,R,Leo Jimenez,Leo Jiménez
689414,MIA,C,R,Liam Hicks,Liam Hicks
676974,MIA,P,R,Max Meyer,Max Meyer
656848,MIA,P,R,Michael Petersen,Michael Petersen
672640,MIA,SS,R,Otto Lopez,Otto Lopez
683357,MIA,RF,R,Owen Caissie,Owen Caissie
664126,MIA,P,R,Pete Fairbanks,Pete Fairbanks
687473,MIA,P,R,Ryan Gusto,Ryan Gusto
645261,MIA,P,R,Sandy Alcantara,Sandy Alcantara
663969,MIA,P,R,Tyler Phillips,Tyler Phillips
676604,MIA,P,R,Tyler Zuber,Tyler Zuber
669364,MIA,2B,R,Xavier Edwards,Xavier Edwards
645305,NYY,C,R,Ali Sanchez,Ali Sánchez
642708,NYY,3B,R,Amed Rosario,Amed Rosario
683011,NYY,SS,R,Anthony Volpe,Anthony Volpe
700250,NYY,1B,R,Ben Rice,Ben Rice
687396,NYY,P,L,Brent Headrick,Brent Headrick
693645,NYY,P,R,Cam Schlittler,Cam Schlittler
666808,NYY,P,R,Camilo Doval,Camilo Doval
607074,NYY,P,L,Carlos Rodon,Carlos Rodón
641355,NYY,LF,L,Cody Bellinger,Cody Bellinger
670280,NYY,P,R,David Bednar,David Bednar
518585,NYY,P,R,Fernando Cruz,Fernando Cruz
543037,NYY,P,R,Gerrit Cole,Gerrit Cole
641555,NYY,C,R,JC Escarra,J.C. Escarra
656234,NYY,P,R,Jake Bird,Jake Bird
691176,NYY,DH,R,Jasson Dominguez,Jasson Domínguez
665862,NYY,2B,R,Jazz Chisholm,Jazz Chisholm Jr.
676609,NYY,SS,R,Jose Caballero,José Caballero
680474,NYY,SS,R,Max Schuemann,Max Schuemann
621112,NYY,P,R,Paul Blackburn,Paul Blackburn
502671,NYY,1B,R,Paul Goldschmidt,Paul Goldschmidt
641857,NYY,3B,R,Ryan McMahon,Ryan McMahon
677960,NYY,P,L,Ryan Weathers,Ryan Weathers
642232,NYY,P,L,Ryan Yarbrough,Ryan Yarbrough
682987,NYY,RF,L,Spencer Jones,Spencer Jones
657612,NYY,P,L,Tim Hill,Tim Hill
701542,NYY,P,R,Will Warren,Will Warren
676879,MIL,P,L,Aaron Ashby,Aaron Ashby
682842,MIL,P,R,Abner Uribe,Abner Uribe
683734,MIL,1B,R,Andrew Vaughn,Andrew Vaughn
663368,MIL,CF,R,Blake Perkins,Blake Perkins
687075,MIL,P,R,Brandon Sproat,Brandon Sproat
668930,MIL,2B,R,Brice Turang,Brice Turang
694477,MIL,P,R,Chad Patrick,Chad Patrick
592885,MIL,DH,R,Christian Yelich,Christian Yelich
806198,MIL,SS,R,Cooper Pratt,Cooper Pratt
684974,MIL,P,R,Craig Yoho,Craig Yoho
666152,MIL,SS,R,David Hamilton,David Hamilton
680723,MIL,P,L,Drew Rom,Drew Rom
669003,MIL,CF,R,Garrett Mitchell,Garrett Mitchell
596142,MIL,C,R,Gary Sanchez,Gary Sánchez
681982,MIL,P,R,Grant Anderson,Grant Anderson
694192,MIL,LF,R,Jackson Chourio,Jackson Chourio
694819,MIL,P,R,Jacob Misiorowski,Jacob Misiorowski
641343,MIL,1B,L,Jake Bauers,Jake Bauers
669270,MIL,P,R,Joel Kuhnel,Joel Kuhnel
687401,MIL,SS,R,Joey Ortiz,Joey Ortiz
690986,MIL,P,L,Kyle Harrison,Kyle Harrison
688107,MIL,P,L,Robert Gasser,Robert Gasser
686217,MIL,RF,R,Sal Frelick,Sal Frelick
675660,MIL,P,L,Shane Drohan,Shane Drohan
656730,MIL,P,R,Trevor Megill,Trevor Megill
661388,MIL,C,R,William Contreras,William Contreras
608718,LAA,P,L,Brent Suter,Brent Suter
681217,LAA,P,R,Chase Silseth,Chase Silseth
695681,LAA,2B,R,Christian Moore,Christian Moore
694203,LAA,3B,R,Denzer Guzman,Denzer Guzman
622268,LAA,3B,R,Donovan Walton,Donovan Walton
666176,LAA,RF,R,Jo Adell,Jo Adell
820862,LAA,P,R,Jose Fermin,José Fermin
642350,LAA,LF,R,Jose Siri,Jose Siri
667755,LAA,P,R,Jose Soriano,José Soriano
489446,LAA,P,R,Kirby Yates,Kirby Yates
681351,LAA,C,R,Logan O'Hoppe,Logan O'Hoppe
815083,LAA,P,L,Mitch Farris,Mitch Farris
663611,LAA,3B,R,Nick Madrigal,Nick Madrigal
694384,LAA,1B,R,Nolan Schanuel,Nolan Schanuel
672724,LAA,2B,R,Oswald Peraza,Oswald Peraza
672282,LAA,P,L,Reid Detmers,Reid Detmers
696270,LAA,P,R,Ryan Johnson,Ryan Johnson
666171,LAA,P,R,Ryan Zeferjahn,Ryan Zeferjahn
691951,LAA,P,L,Sam Aldegheri,Sam Aldegheri
696147,LAA,P,R,Sam Bachman,Sam Bachman
696519,LAA,P,L,Samy Natera,Samy Natera Jr.
623168,LAA,C,R,Tyler Heineman,Tyler Heineman
687093,LAA,2B,R,Vaughn Grissom,Vaughn Grissom
685133,LAA,LF,R,Wade Meckler,Wade Meckler
700712,LAA,P,R,Walbert Urena,Walbert Ureña
687263,LAA,SS,R,Zach Neto,Zach Neto
680728,AZ,DH,R,Adrian Del Castillo,Adrian Del Castillo
805299,AZ,P,L,Brandyn Garcia,Brandyn Garcia
682998,AZ,RF,L,Corbin Carroll,Corbin Carroll
686753,AZ,P,R,Drey Jameson,Drey Jameson
593958,AZ,P,L,Eduardo Rodriguez,Eduardo Rodriguez
672515,AZ,C,R,Gabriel Moreno,Gabriel Moreno
672695,AZ,SS,R,Geraldo Perdomo,Geraldo Perdomo
545121,AZ,1B,R,Ildemaro Vargas,Ildemaro Vargas
642528,AZ,P,R,Jonathan Loaisiga,Jonathan Loáisiga
691783,AZ,LF,R,Jordan Lawlar,Jordan Lawlar
678489,AZ,CF,L,Jorge Barrosa,Jorge Barrosa
666661,AZ,P,R,Juan Morillo,Juan Morillo
606466,AZ,2B,R,Ketel Marte,Ketel Marte
656464,AZ,P,R,Kevin Ginkel,Kevin Ginkel
666971,AZ,LF,R,Lourdes Gurriel,Lourdes Gurriel Jr.
694410,AZ,1B,R,LuJames Groover,LuJames Groover
518876,AZ,P,R,Merrill Kelly,Merrill Kelly
647336,AZ,P,R,Michael Soroka,Michael Soroka
571448,AZ,3B,R,Nolan Arenado,Nolan Arenado
623149,AZ,P,R,Paul Sewald,Paul Sewald
656976,AZ,DH,L,Pavin Smith,Pavin Smith
657044,AZ,P,R,Ryan Thompson,Ryan Thompson
669194,AZ,P,R,Ryne Nelson,Ryne Nelson
664199,AZ,P,R,Taylor Clarke,Taylor Clarke
694371,AZ,LF,R,Tommy Troy,Tommy Troy
668678,AZ,P,R,Zac Gallen,Zac Gallen
668939,BAL,C,R,Adley Rutschman,Adley Rutschman
544150,BAL,P,R,Albert Suarez,Albert Suárez
552640,BAL,P,R,Andrew Kittredge,Andrew Kittredge
677942,BAL,3B,R,Blaze Alexander,Blaze Alexander
687064,BAL,P,R,Brandon Young,Brandon Young
691723,BAL,3B,R,Coby Mayo,Coby Mayo
681297,BAL,RF,R,Colton Cowser,Colton Cowser
664991,BAL,P,L,Grant Wolfram,Grant Wolfram
683002,BAL,SS,R,Gunnar Henderson,Gunnar Henderson
702616,BAL,2B,R,Jackson Holliday,Jackson Holliday
669236,BAL,2B,R,Jeremiah Jackson,Jeremiah Jackson
669211,BAL,P,L,Keegan Akin,Keegan Akin
680694,BAL,P,R,Kyle Bradish,Kyle Bradish
665750,BAL,CF,R,Leody Taveras,Leody Taveras
624413,BAL,1B,R,Pete Alonso,Pete Alonso
670329,BAL,P,R,Rico Garcia,Rico Garcia
664854,BAL,P,R,Ryan Helsley,Ryan Helsley
669087,BAL,C,R,Sam Huff,Sam Huff
694212,BAL,C,R,Samuel Basallo,Samuel Basallo
669358,BAL,P,R,Shane Baz,Shane Baz
621493,BAL,LF,R,Taylor Ward,Taylor Ward
669432,BAL,P,L,Trevor Rogers,Trevor Rogers
694346,BAL,P,R,Trey Gibson,Trey Gibson
641933,BAL,RF,R,Tyler O'Neill,Tyler O'Neill
669330,BAL,P,R,Tyler Wells,Tyler Wells
666974,BAL,P,R,Yennier Cano,Yennier Cano
655316,BOS,SS,R,Andruw Monasterio,Andruw Monasterio
547973,BOS,P,L,Aroldis Chapman,Aroldis Chapman
702332,BOS,3B,R,Caleb Durbin,Caleb Durbin
665966,BOS,C,R,Carlos Narvaez,Carlos Narváez
678882,BOS,CF,R,Ceddanne Rafaela,Ceddanne Rafaela
813349,BOS,P,L,Connelly Early,Connelly Early
657136,BOS,C,R,Connor Wong,Connor Wong
543056,BOS,P,L,Danny Coulombe,Danny Coulombe
676477,BOS,P,R,Garrett Whitlock,Garrett Whitlock
669711,BOS,P,R,Greg Weissert,Greg Weissert
643396,BOS,2B,R,Isiah Kiner-Falefa,Isiah Kiner-Falefa
687562,BOS,P,L,Jake Bennett,Jake Bennett
680776,BOS,LF,R,Jarren Duran,Jarren Duran
686580,BOS,P,R,Justin Slaten,Justin Slaten
691785,BOS,2B,R,Marcelo Mayer,Marcelo Mayer
807799,BOS,DH,R,Masataka Yoshida,Masataka Yoshida
681508,BOS,C,R,Mickey Gasper,Mickey Gasper
681987,BOS,OF,R,Nate Eaton,Nate Eaton
801139,BOS,P,L,Payton Tolle,Payton Tolle
624133,BOS,P,L,Ranger Suarez,Ranger Suarez
670245,BOS,P,R,Ryan Watson,Ryan Watson
543243,BOS,P,R,Sonny Gray,Sonny Gray
592454,BOS,P,R,Tommy Kahnle,Tommy Kahnle
594027,BOS,P,R,Tyron Guerrero,Tyron Guerrero
575929,BOS,1B,R,Willson Contreras,Willson Contreras
677800,BOS,RF,L,Wilyer Abreu,Wilyer Abreu
608324,CHC,3B,R,Alex Bregman,Alex Bregman
676962,CHC,P,R,Ben Brown,Ben Brown
573204,CHC,P,L,Caleb Thielbar,Caleb Thielbar
608348,CHC,C,R,Carson Kelly,Carson Kelly
607067,CHC,P,R,Colin Rea,Colin Rea
621020,CHC,SS,R,Dansby Swanson,Dansby Swanson
665795,CHC,P,R,Edward Cabrera,Edward Cabrera
681799,CHC,P,R,Ethan Roberts,Ethan Roberts
668970,CHC,P,R,Gavin Hollowell,Gavin Hollowell
571948,CHC,P,L,Hoby Milner,Hoby Milner
664023,CHC,LF,R,Ian Happ,Ian Happ
657097,CHC,P,R,Jacob Webb,Jacob Webb
665871,CHC,P,R,Javier Assad,Javier Assad
681909,CHC,CF,R,Justin Dean,Justin Dean
807713,CHC,RF,R,Matt Shaw,Matt Shaw
683737,CHC,1B,R,Michael Busch,Michael Busch
624424,CHC,DH,R,Michael Conforto,Michael Conforto
665804,CHC,C,R,Miguel Amaya,Miguel Amaya
663538,CHC,2B,R,Nico Hoerner,Nico Hoerner
699393,CHC,2B,R,Pedro Ramirez,Pedro Ramírez
691718,CHC,CF,L,Pete Crow-Armstrong,Pete Crow-Armstrong
664208,CHC,P,R,Phil Maton,Phil Maton
669020,CHC,P,L,Ryan Rolison,Ryan Rolison
673548,CHC,RF,R,Seiya Suzuki,Seiya Suzuki
684007,CHC,P,L,Shota Imanaga,Shota Imanaga
663423,CHC,P,R,Trent Thornton,Trent Thornton
671096,CIN,P,L,Andrew Abbott,Andrew Abbott
694362,CIN,RF,R,Blake Dunn,Blake Dunn
663903,CIN,P,R,Brady Singer,Brady Singer
656271,CIN,P,L,Brock Burke,Brock Burke
657571,CIN,P,L,Caleb Ferguson,Caleb Ferguson
695505,CIN,P,R,Chase Burns,Chase Burns
695534,CIN,P,R,Chase Petty,Chase Petty
663978,CIN,P,R,Chris Paddack,Chris Paddack
667472,CIN,CF,R,Dane Myers,Dane Myers
695490,CIN,2B,R,Edwin Arroyo,Edwin Arroyo
553993,CIN,DH,R,Eugenio Suarez,Eugenio Suárez
668709,CIN,LF,L,JJ Bleday,JJ Bleday
624431,CIN,C,R,Jose Trevino,Jose Trevino
680574,CIN,2B,R,Matt McLain,Matt McLain
663993,CIN,DH,R,Nathaniel Lowe,Nathaniel Lowe
666157,CIN,P,L,Nick Lodolo,Nick Lodolo
682622,CIN,RF,R,Noelvi Marte,Noelvi Marte
695076,CIN,P,R,Rhett Lowder,Rhett Lowder
701398,CIN,1B,R,Sal Stewart,Sal Stewart
594580,CIN,P,L,Sam Moll,Sam Moll
668715,CIN,LF,R,Spencer Steer,Spencer Steer
622088,CIN,P,R,Tejay Antone,Tejay Antone
663574,CIN,P,R,Tony Santillan,Tony Santillan
663886,CIN,C,R,Tyler Stephenson,Tyler Stephenson
666181,CIN,RF,L,Will Benson,Will Benson
687209,CIN,P,R,Zach Maxwell,Zach Maxwell
595978,CLE,C,R,Austin Hedges,Austin Hedges
677587,CLE,SS,R,Brayan Rocchio,Brayan Rocchio
671922,CLE,P,R,Cade Smith,Cade Smith
670059,CLE,P,R,Colin Holderman,Colin Holderman
682982,CLE,P,R,Daniel Espino,Daniel Espino
682177,CLE,CF,R,Daniel Schneemann,Daniel Schneemann
681807,CLE,RF,R,David Fry,David Fry
672356,CLE,SS,R,Gabriel Arias,Gabriel Arias
668909,CLE,P,R,Gavin Williams,Gavin Williams
683769,CLE,P,R,Hunter Gaddis,Hunter Gaddis
676282,CLE,P,L,Joey Cantillo,Joey Cantillo
696135,CLE,LF,R,Kahlil Watson,Kahlil Watson
700932,CLE,1B,R,Kyle Manzardo,Kyle Manzardo
670036,CLE,P,R,Matt Festa,Matt Festa
800048,CLE,P,L,Parker Messick,Parker Messick
672275,CLE,C,R,Patrick Bailey,Patrick Bailey
690984,CLE,CF,R,Petey Halpin,Petey Halpin
656555,CLE,1B,R,Rhys Hoskins,Rhys Hoskins
542888,CLE,P,R,Shawn Armstrong,Shawn Armstrong
677944,CLE,P,R,Slade Cecconi,Slade Cecconi
680757,CLE,CF,L,Steven Kwan,Steven Kwan
656413,CLE,RF,R,Stuart Fairchild,Stuart Fairchild
676440,CLE,P,R,Tanner Bibee,Tanner Bibee
682120,CLE,P,L,Tim Herrin,Tim Herrin
683953,CLE,2B,R,Travis Bazzana,Travis Bazzana
702021,CLE,P,L,Will Dion,Will Dion
622608,COL,P,R,Antonio Senzatela,Antonio Senzatela
680604,COL,P,R,Blas Castano,Blas Castaño
690924,COL,C,R,Braxton Fulford,Braxton Fulford
657514,COL,P,L,Brennan Bernardino,Brennan Bernardino
664954,COL,C,R,Brett Sullivan,Brett Sullivan
694249,COL,CF,R,Cole Carrigg,Cole Carrigg
666397,COL,2B,R,Edouard Julien,Edouard Julien
678662,COL,SS,R,Ezequiel Tovar,Ezequiel Tovar
696100,COL,C,R,Hunter Goodman,Hunter Goodman
677955,COL,P,R,Jaden Hill,Jaden Hill
664983,COL,CF,L,Jake McCarthy,Jake McCarthy
623474,COL,P,R,Jimmy Herget,Jimmy Herget
675848,COL,P,R,Juan Mejia,Juan Mejia
607536,COL,P,L,Kyle Freeland,Kyle Freeland
691720,COL,3B,R,Kyle Karros,Kyle Karros
547179,COL,P,R,Michael Lorenzen,Michael Lorenzen
663372,COL,P,R,Ryan Feltner,Ryan Feltner
807743,COL,P,L,Sean Sullivan,Sean Sullivan
694514,COL,RF,R,Sterlin Thompson,Sterlin Thompson
681198,COL,1B,R,TJ Rumfield,TJ Rumfield
608372,COL,P,R,Tomoyuki Sugano,Tomoyuki Sugano
687859,COL,RF,L,Troy Johnston,Troy Johnston
671289,COL,RF,R,Tyler Freeman,Tyler Freeman
680767,COL,P,R,Victor Vodnik,Victor Vodnik
650489,COL,2B,R,Willi Castro,Willi Castro
688642,COL,P,R,Zach Agnos,Zach Agnos
663554,DET,P,R,Casey Mize,Casey Mize
690993,DET,3B,R,Colt Keith,Colt Keith
693307,DET,C,R,Dillon Dingler,Dillon Dingler
623454,DET,P,R,Drew Anderson,Drew Anderson
805427,DET,P,L,Drew Sommers,Drew Sommers
646241,DET,P,L,Enmanuel De Jesus,Enmanuel De Jesus
664285,DET,P,L,Framber Valdez,Framber Valdez
701678,DET,2B,R,Hao-Yu Lee,Hao-Yu  Lee
621097,DET,P,R,Jacob Waguespack,Jacob Waguespack
663330,DET,DH,R,Jahmai Jones,Jahmai Jones
668670,DET,C,R,Jake Rogers,Jake Rogers
681546,DET,CF,R,James Outman,James Outman
672456,DET,P,R,Keider Montero,Keider Montero
445276,DET,P,R,Kenley Jansen,Kenley Jansen
681481,DET,RF,R,Kerry Carpenter,Kerry Carpenter
805808,DET,SS,R,Kevin McGonigle,Kevin McGonigle
640448,DET,P,R,Kyle Finnegan,Kyle Finnegan
663837,DET,CF,R,Matt Vierling,Matt Vierling
682985,DET,LF,L,Riley Greene,Riley Greene
679529,DET,1B,R,Spencer Torkelson,Spencer Torkelson
669373,DET,P,L,Tarik Skubal,Tarik Skubal
675512,DET,P,R,Troy Melton,Troy Melton
663947,DET,P,L,Tyler Holton,Tyler Holton
672761,DET,RF,R,Wenceel Perez,Wenceel Pérez
676684,DET,P,R,Will Vest,Will Vest
656716,DET,2B,R,Zach McKinstry,Zach McKinstry
805123,HOU,P,R,AJ Blubaugh,AJ Blubaugh
694728,HOU,CF,R,Brice Matthews,Brice Matthews
650556,HOU,P,R,Bryan Abreu,Bryan Abreu
687911,HOU,P,L,Bryan King,Bryan King
701358,HOU,RF,R,Cam Smith,Cam Smith
543877,HOU,C,R,Christian Vazquez,Christian Vázquez
572233,HOU,1B,R,Christian Walker,Christian Walker
660853,HOU,P,R,Enyel De Los Santos,Enyel De Los Santos
686613,HOU,P,R,Hunter Brown,Hunter Brown
670623,HOU,3B,R,Isaac Paredes,Isaac Paredes
676694,HOU,CF,L,Jake Meyers,Jake Meyers
665161,HOU,SS,R,Jeremy Pena,Jeremy Peña
694388,HOU,LF,R,Joey Loperfido,Joey Loperfido
514888,HOU,2B,R,Jose Altuve,Jose Altuve
623352,HOU,P,L,Josh Hader,Josh Hader
678906,HOU,P,R,Kai-Wei Teng,Kai-Wei Teng
681347,HOU,P,R,Mike Burrows,Mike Burrows
663878,HOU,P,R,Nate Pearson,Nate Pearson
663567,HOU,P,R,Peter Lambert,Peter Lambert
669384,HOU,2B,R,Raynel Delgado,Raynel Delgado
681293,HOU,P,R,Spencer Arrighetti,Spencer Arrighetti
595345,HOU,P,L,Steven Okert,Steven Okert
837227,HOU,P,R,Tatsuya Imai,Tatsuya Imai
666211,HOU,CF,L,Taylor Trammell,Taylor Trammell
673237,HOU,C,R,Yainer Diaz,Yainer Diaz
670541,HOU,DH,R,Yordan Alvarez,Yordan Alvarez
656638,KC,P,R,Alex Lange,Alex Lange
694360,KC,P,R,Beck Way,Beck Way
677951,KC,SS,R,Bobby Witt,Bobby Witt Jr.
695600,KC,C,R,Carter Jensen,Carter Jensen
657756,KC,P,R,Connor Seabold,Connor Seabold
663738,KC,P,L,Daniel Lynch,Daniel Lynch IV
686555,KC,LF,R,Isaac Collins,Isaac Collins
695506,KC,RF,L,Jac Caglianone,Jac Caglianone
670231,KC,RF,L,John Rave,John Rave
670167,KC,P,R,John Schreiber,John Schreiber
670224,KC,CF,L,Kameron Misner,Kameron Misner
657041,KC,CF,R,Lane Thomas,Lane Thomas
668674,KC,P,R,Lucas Erceg,Lucas Erceg
679883,KC,P,R,Luinder Avila,Luinder Avila
672580,KC,3B,R,Maikel Garcia,Maikel Garcia
696131,KC,P,R,Mason Black,Mason Black
621381,KC,P,L,Matt Strahm,Matt Strahm
686681,KC,2B,R,Michael Massey,Michael Massey
608379,KC,P,R,Michael Wacha,Michael Wacha
679845,KC,2B,R,Nick Loftin,Nick Loftin
702070,KC,P,L,Noah Cameron,Noah Cameron
521692,KC,C,R,Salvador Perez,Salvador Perez
516782,KC,RF,R,Starling Marte,Starling Marte
663568,KC,P,R,Stephen Kolek,Stephen Kolek
674444,KC,P,R,Steven Cruz,Steven Cruz
686475,KC,2B,R,Tyler Tolbert,Tyler Tolbert
669743,LAD,LF,R,Alex Call,Alex Call
690976,LAD,2B,R,Alex Freeland,Alex Freeland
681911,LAD,P,L,Alex Vesia,Alex Vesia
681624,LAD,CF,R,Andy Pages,Andy Pages
595014,LAD,P,R,Blake Treinen,Blake Treinen
642020,LAD,C,R,Chuckie Robinson,Chuckie Robinson
687221,LAD,C,R,Dalton Rushing,Dalton Rushing
683618,LAD,P,R,Edgardo Henriquez,Edgardo Henriquez
686218,LAD,P,R,Emmet Sheehan,Emmet Sheehan
641778,LAD,P,L,Eric Lauer,Eric Lauer
518692,LAD,1B,R,Freddie Freeman,Freddie Freeman
676263,LAD,P,L,Jack Dreyer,Jack Dreyer
642546,LAD,P,R,Jonathan Hernandez,Jonathan Hernández
680736,LAD,P,L,Justin Wrobleski,Justin Wrobleski
669165,LAD,P,R,Kyle Hurt,Kyle Hurt
663656,LAD,RF,R,Kyle Tucker,Kyle Tucker
571970,LAD,3B,R,Max Muncy,Max Muncy
500743,LAD,SS,R,Miguel Rojas,Miguel Rojas
605141,LAD,SS,R,Mookie Betts,Mookie Betts
808963,LAD,P,R,Roki Sasaki,Roki Sasaki
669899,LAD,LF,R,Ryan Ward,Ryan Ward
660271,LAD,TWP,R,Shohei Ohtani,Shohei Ohtani
656945,LAD,P,L,Tanner Scott,Tanner Scott
669242,LAD,2B,R,Tommy Edman,Tommy Edman
694361,LAD,P,R,Will Klein,Will Klein
808967,LAD,P,R,Yoshinobu Yamamoto,Yoshinobu Yamamoto
665953,WSH,1B,R,Andres Chaparro,Andrés Chaparro
674841,WSH,P,L,Andrew Alvarez,Andrew Alvarez
695418,WSH,P,R,Brad Lord,Brad Lord
682928,WSH,SS,R,CJ Abrams,CJ Abrams
676917,WSH,P,R,Cade Cavalli,Cade Cavalli
690925,WSH,P,R,Clayton Beeter,Clayton Beeter
678554,WSH,1B,R,Curtis Mead,Curtis Mead
695734,WSH,LF,R,Daylen Lile,Daylen Lile
686452,WSH,C,R,Drew Millas,Drew Millas
686611,WSH,RF,R,Dylan Crews,Dylan Crews
656492,WSH,P,L,Foster Griffin,Foster Griffin
681402,WSH,P,R,Gus Varland,Gus Varland
696285,WSH,CF,R,Jacob Young,Jacob Young
695578,WSH,RF,R,James Wood,James Wood
678391,WSH,3B,R,Jorbit Vivas,Jorbit Vivas
677588,WSH,DH,R,Jose Tena,José Tena
660688,WSH,C,R,Keibert Ruiz,Keibert Ruiz
671277,WSH,1B,R,Luis Garcia,Luis García Jr.
571945,WSH,P,R,Miles Mikolas,Miles Mikolas
680730,WSH,P,L,Mitchell Parker,Mitchell Parker
683083,WSH,2B,R,Nasim Nunez,Nasim Nuñez
687377,WSH,P,R,Orlando Ribalta,Orlando Ribalta
676571,WSH,P,L,PJ Poulin,PJ Poulin
687606,WSH,P,R,Paxton Schultz,Paxton Schultz
663992,WSH,P,L,Richard Lovelady,Richard Lovelady
641793,WSH,P,R,Zack Littell,Zack Littell
805999,NYM,CF,R,AJ Ewing,A.J. Ewing
621345,NYM,P,L,AJ Minter,A.J. Minter
681810,NYM,P,R,Austin Warren,Austin Warren
666182,NYM,3B,R,Bo Bichette,Bo Bichette
683146,NYM,3B,R,Brett Baty,Brett Baty
548384,NYM,P,L,Brooks Raley,Brooks Raley
701807,NYM,RF,R,Carson Benge,Carson Benge
672335,NYM,P,L,Cionel Perez,Cionel Pérez
656849,NYM,P,L,David Peterson,David Peterson
642207,NYM,P,R,Devin Williams,Devin Williams
676572,NYM,1B,R,Eric Wagaman,Eric Wagaman
682626,NYM,C,R,Francisco Alvarez,Francisco Alvarez
642547,NYM,P,R,Freddy Peralta,Freddy Peralta
623211,NYM,P,R,Huascar Brazoban,Huascar Brazobán
676724,NYM,1B,R,Jared Young,Jared Young
665742,NYM,LF,L,Juan Soto,Juan Soto
673540,NYM,P,R,Kodai Senga,Kodai Senga
620443,NYM,C,R,Luis Torrens,Luis Torrens
596133,NYM,P,R,Luke Weaver,Luke Weaver
669004,NYM,DH,R,MJ Melendez,MJ Melendez
543760,NYM,2B,R,Marcus Semien,Marcus Semien
668901,NYM,1B,R,Mark Vientos,Mark Vientos
690997,NYM,P,R,Nolan McLean,Nolan McLean
640455,NYM,P,L,Sean Manaea,Sean Manaea
668964,NYM,P,R,Tobias Myers,Tobias Myers
670097,NYM,SS,R,Zack Short,Zack Short
