mlbam_id,name,date,proc_z,ra9_adj,n14,n46,d_velo,z_velo,z_whiff,z_csw,z_kbb,z_sec_velo,z_pitches14
687064,"Young, Brandon",2026-10-03,2.412,-0.241,166,749,0.45,0.79,2.54,2.58,1.58,1.73,-0.68
700363,"Smith-Shawver, AJ",2026-10-03,2.383,-0.238,91,413,2.3,3.99,0.36,1.28,3.58,1.24,-2.01
601713,"Pivetta, Nick",2026-10-03,2.352,-0.235,87,208,0.63,1.09,3.81,2.71,1.24,1.54,-2.08
519242,"Sale, Chris",2026-10-03,2.212,-0.221,97,611,1.73,3.01,2.48,1.36,2.0,0.87,-1.9
695549,"Jobe, Jackson",2026-10-03,1.819,-0.182,182,589,-0.62,-1.08,2.3,3.25,1.84,0.53,-0.4
691725,"Painter, Andrew",2026-10-03,1.761,-0.176,179,725,0.04,0.07,2.02,2.95,1.19,0.45,-0.45
690279,"Adams, Mason",2026-10-03,1.724,-0.172,80,388,-0.41,-0.71,2.91,3.86,2.58,-0.33,-2.2
678022,"Perkins, Jack",2026-10-03,1.503,-0.15,174,654,0.18,0.31,1.91,1.35,1.15,1.14,-0.54
669199,"Bachar, Lake",2026-10-03,1.494,-0.149,96,392,0.85,1.48,1.01,1.32,2.78,0.62,-1.92
642547,"Peralta, Freddy",2026-10-03,1.494,-0.149,190,676,2.02,3.52,0.5,-0.27,-0.24,2.03,-0.25
641927,"Ober, Bailey",2026-10-03,1.318,-0.132,117,620,0.9,1.57,1.34,2.39,1.22,-0.3,-1.55
805673,"Matthews, Zebby",2026-10-03,1.271,-0.127,100,714,-0.47,-0.82,1.88,2.42,2.74,0.14,-1.85
701542,"Warren, Will",2026-10-03,1.213,-0.121,137,672,0.36,0.63,2.26,2.08,0.92,-0.41,-1.19
656492,"Griffin, Foster",2026-10-03,1.205,-0.12,83,696,,,1.27,3.37,1.42,-0.36,-2.15
607074,"Rodón, Carlos",2026-10-03,1.164,-0.116,96,514,0.36,0.62,1.01,1.74,1.76,0.91,-1.92
657746,"Ryan, Joe",2026-10-03,1.135,-0.114,202,249,0.55,0.95,1.58,0.73,1.23,-0.43,-0.04
647336,"Soroka, Michael",2026-10-03,1.027,-0.103,170,380,0.11,0.19,0.82,1.74,0.88,,-0.61
676083,"Junk, Janson",2026-10-03,0.985,-0.098,148,566,0.19,0.32,2.01,1.07,2.13,-1.04,-1.0
656876,"Rasmussen, Drew",2026-10-03,0.961,-0.096,114,726,0.03,0.05,1.84,0.85,1.73,0.52,-1.6
650911,"Sánchez, Cristopher",2026-10-03,0.933,-0.093,198,758,,,-0.3,1.0,1.19,0.97,-0.11
608372,"Sugano, Tomoyuki",2026-10-03,0.877,-0.088,162,728,0.12,0.2,1.63,0.68,1.01,0.35,-0.75
683363,"Wilkinson, Matt",2026-10-03,0.868,-0.087,113,306,0.05,0.08,1.09,1.84,1.54,0.14,-1.62
663623,"Irvin, Jake",2026-10-03,0.861,-0.086,198,731,0.13,0.23,1.05,1.72,2.04,-1.87,-0.11
669432,"Rogers, Trevor",2026-10-03,0.828,-0.083,154,752,-0.4,-0.69,1.2,1.28,0.49,1.54,-0.89
554430,"Wheeler, Zack",2026-10-03,0.822,-0.082,198,805,-0.03,-0.05,0.16,-0.21,1.98,1.14,-0.11
656550,"Holmes, Grant",2026-10-03,0.768,-0.077,141,578,1.63,2.83,-0.18,-0.52,-0.09,1.8,-1.12
663567,"Lambert, Peter",2026-10-03,0.75,-0.075,103,748,0.84,1.46,1.11,1.8,1.07,-1.0,-1.79
663436,"Martin, Davis",2026-10-03,0.707,-0.071,95,368,-0.6,-1.04,2.87,1.04,1.63,-0.05,-1.94
674841,"Alvarez, Andrew",2026-10-03,0.691,-0.069,193,574,-0.27,-0.47,1.5,0.8,1.15,-0.33,-0.2
669713,"Wesneski, Hayden",2026-10-03,0.672,-0.067,161,659,0.89,1.54,0.15,0.78,-0.35,1.03,-0.77
571510,"Boyd, Matthew",2026-10-03,0.612,-0.061,161,660,1.03,1.79,0.31,-0.35,0.01,1.18,-0.77
656849,"Peterson, David",2026-10-03,0.578,-0.058,174,651,0.18,0.31,0.3,-0.03,1.55,0.46,-0.54
607192,"Glasnow, Tyler",2026-10-03,0.551,-0.055,91,461,0.28,0.48,1.68,1.9,1.44,-1.55,-2.01
807739,"Anderson, Kade",2026-10-03,0.527,-0.053,143,398,-0.34,-0.58,1.18,1.61,1.46,-0.72,-1.09
694973,"Skenes, Paul",2026-10-03,0.5,-0.05,96,679,-0.05,-0.09,1.11,1.13,1.54,-0.01,-1.92
684007,"Imanaga, Shota",2026-10-03,0.403,-0.04,103,722,-0.13,-0.22,0.56,0.3,2.39,0.19,-1.79
645261,"Alcantara, Sandy",2026-10-03,0.399,-0.04,119,815,0.26,0.44,0.84,0.55,0.34,0.74,-1.51
669373,"Skubal, Tarik",2026-10-03,0.337,-0.034,161,764,-0.23,-0.41,1.37,1.75,-0.03,-0.72,-0.77
641743,"Kay, Anthony",2026-10-03,0.301,-0.03,143,666,,,1.64,0.77,0.35,-0.79,-1.09
453286,"Scherzer, Max",2026-10-03,0.299,-0.03,207,670,-0.46,-0.8,0.68,0.35,1.24,-0.45,0.05
686930,"Barnett, Mason",2026-10-03,0.24,-0.024,88,312,-1.11,-1.93,1.33,1.74,2.84,-1.07,-2.06
667755,"Soriano, José",2026-10-03,0.203,-0.02,128,746,,,0.95,0.51,1.55,-1.06,-1.35
683003,"Jones, Jared",2026-10-03,0.16,-0.016,141,682,-0.14,-0.24,-0.09,-0.35,2.12,0.25,-1.12
607259,"Martinez, Nick",2026-10-03,0.149,-0.015,144,655,0.09,0.16,0.72,0.01,-0.01,0.72,-1.07
696270,"Johnson, Ryan",2026-10-03,0.138,-0.014,181,705,,,0.16,-0.27,0.47,0.46,-0.41
674003,"Bradford, Cody",2026-10-03,0.108,-0.011,91,628,0.49,0.86,0.84,0.56,0.26,-0.12,-2.01
691587,"Pérez, Eury",2026-10-03,0.068,-0.007,216,758,-0.01,-0.02,-0.67,-0.4,0.9,0.22,0.21
682243,"Miller, Bryce",2026-10-03,-0.003,0.0,181,619,-0.14,-0.24,-0.4,-0.48,1.25,0.28,-0.41
669467,"Pallante, Andre",2026-10-03,-0.021,0.002,180,547,-0.24,-0.42,-0.41,0.72,0.25,0.23,-0.43
681190,"Vásquez, Randy",2026-10-03,-0.033,0.003,104,538,-0.26,-0.46,0.84,1.64,0.59,-0.96,-1.78
663738,"Lynch IV, Daniel",2026-10-03,-0.039,0.004,154,482,,,-0.01,0.4,-0.33,0.72,-0.89
664285,"Valdez, Framber",2026-10-03,-0.048,0.005,87,751,,,1.87,1.3,0.94,-2.17,-2.08
663372,"Feltner, Ryan",2026-10-03,-0.074,0.007,125,681,0.79,1.38,-0.14,-0.35,-0.28,0.54,-1.41
700241,"McGreevy, Michael",2026-10-03,-0.078,0.008,180,663,0.65,1.14,-0.96,-0.21,-1.01,1.2,-0.43
671096,"Abbott, Andrew",2026-10-03,-0.118,0.012,100,634,-0.28,-0.49,0.66,0.06,1.06,0.14,-1.85
689818,"Sandlin, David",2026-10-03,-0.123,0.012,85,240,0.54,0.93,-0.39,-0.19,1.78,-0.44,-2.11
607536,"Freeland, Kyle",2026-10-03,-0.166,0.017,131,312,0.19,0.33,0.52,-0.38,0.09,0.14,-1.3
608379,"Wacha, Michael",2026-10-03,-0.186,0.019,204,756,0.06,0.1,-0.27,-0.51,-0.65,0.68,-0.01
669923,"Kirby, George",2026-10-03,-0.211,0.021,96,758,0.4,0.7,0.46,-0.43,0.06,0.39,-1.92
694297,"Pfaadt, Brandon",2026-10-03,-0.211,0.021,171,660,0.38,0.67,-0.71,0.06,-0.02,-0.16,-0.59
676440,"Bibee, Tanner",2026-10-03,-0.215,0.021,189,726,0.05,0.09,-0.69,-1.16,0.17,1.1,-0.27
686613,"Brown, Hunter",2026-10-03,-0.216,0.022,198,757,-0.19,-0.33,0.35,-0.11,-0.2,-0.36,-0.11
669160,"May, Dustin",2026-10-03,-0.266,0.027,94,554,0.72,1.24,-0.96,0.39,0.5,,-1.95
663776,"Sandoval, Patrick",2026-10-03,-0.267,0.027,204,698,-0.24,-0.41,-0.23,0.33,0.47,-1.1,-0.01
688107,"Gasser, Robert",2026-10-03,-0.285,0.028,194,603,-0.64,-1.12,0.4,0.09,0.23,-0.42,-0.18
676282,"Cantillo, Joey",2026-10-03,-0.338,0.034,80,693,0.47,0.82,-0.1,-0.09,0.04,0.34,-2.2
669302,"Gilbert, Logan",2026-10-03,-0.38,0.038,146,774,-0.45,-0.78,0.54,0.32,0.56,-0.95,-1.03
621111,"Buehler, Walker",2026-10-03,-0.39,0.039,162,646,-0.38,-0.65,0.18,0.55,0.16,-0.86,-0.75
605488,"Springs, Jeffrey",2026-10-03,-0.396,0.04,84,505,0.12,0.21,1.03,0.12,0.47,-1.1,-2.13
672282,"Detmers, Reid",2026-10-03,-0.522,0.052,167,742,0.09,0.16,0.57,-0.32,-0.19,-1.42,-0.66
669461,"Liberatore, Matthew",2026-10-03,-0.536,0.054,81,711,-0.29,-0.5,0.7,0.6,1.3,-1.81,-2.18
680732,"Burke, Sean",2026-10-03,-0.555,0.055,187,693,-1.06,-1.84,0.18,0.14,1.06,-1.19,-0.31
694819,"Misiorowski, Jacob",2026-10-03,-0.567,0.057,112,644,0.16,0.28,0.41,0.4,0.2,-1.66,-1.64
665152,"Kremer, Dean",2026-10-03,-0.622,0.062,170,699,-0.98,-1.7,0.1,-0.24,0.79,-0.55,-0.61
814490,"Pecko, Ethan",2026-10-03,-0.632,0.063,85,487,,,-0.97,0.7,0.25,0.26,-2.11
683627,"Molina, Anthony",2026-10-03,-0.646,0.065,85,368,0.41,0.71,-0.96,-1.03,0.36,0.73,-2.11
668909,"Williams, Gavin",2026-10-03,-0.668,0.067,163,660,-0.28,-0.48,-0.7,-0.73,-0.75,1.03,-0.73
695076,"Lowder, Rhett",2026-10-03,-0.74,0.074,139,744,,,0.27,-0.64,-0.81,0.15,-1.16
687273,"Mathews, Quinn",2026-10-03,-0.753,0.075,177,593,-0.23,-0.4,-0.49,-0.36,-0.27,-0.67,-0.48
650633,"King, Michael",2026-10-03,-0.795,0.08,81,766,-0.04,-0.06,-0.27,-0.71,0.12,0.29,-2.18
805074,"Marte, Yunior",2026-10-03,-0.826,0.083,166,215,-0.46,-0.81,-0.57,-1.62,-0.06,0.81,-0.68
666157,"Lodolo, Nick",2026-10-03,-0.873,0.087,182,630,-0.54,-0.94,-1.14,0.61,-0.98,-0.23,-0.4
663554,"Mize, Casey",2026-10-03,-0.9,0.09,145,620,-0.59,-1.03,0.37,0.9,-1.71,-0.65,-1.05
687473,"Gusto, Ryan",2026-10-03,-0.929,0.093,83,709,-0.48,-0.84,0.46,-0.24,0.2,-0.72,-2.15
592332,"Gausman, Kevin",2026-10-03,-0.936,0.094,101,762,-0.86,-1.5,1.62,-0.14,0.52,-1.99,-1.83
693645,"Schlittler, Cam",2026-10-03,-0.967,0.097,168,680,-0.14,-0.24,0.02,-0.8,-1.19,,-0.64
696149,"Chandler, Bubba",2026-10-03,-0.973,0.097,167,616,-0.78,-1.36,0.91,-0.33,-0.6,-1.41,-0.66
682052,"Lopez, Jacob",2026-10-03,-0.976,0.098,157,761,-0.01,-0.02,-1.42,-1.5,-1.06,1.38,-0.84
675512,"Melton, Troy",2026-10-03,-1.035,0.104,83,717,-0.34,-0.59,-1.01,-0.6,-0.39,1.08,-2.15
605400,"Nola, Aaron",2026-10-03,-1.036,0.104,109,765,-0.4,-0.69,-1.08,-0.32,0.78,-0.67,-1.69
804267,"Thornton, Zac",2026-10-03,-1.037,0.104,83,679,,,-1.37,-0.89,0.06,1.28,-2.15
690997,"McLean, Nolan",2026-10-03,-1.038,0.104,82,755,,,-0.2,-0.55,0.81,-0.95,-2.17
640455,"Manaea, Sean",2026-10-03,-1.062,0.106,199,686,-0.94,-1.63,-0.18,-1.21,0.09,-0.72,-0.1
592662,"Ray, Robbie",2026-10-03,-1.261,0.126,84,709,,,-2.62,-1.54,0.33,2.25,-2.13
624133,"Suarez, Ranger",2026-10-03,-1.319,0.132,86,724,-0.67,-1.17,-0.76,-1.49,1.52,-0.67,-2.1
543037,"Cole, Gerrit",2026-10-03,-1.379,0.138,105,682,-0.82,-1.42,-0.25,-1.43,0.13,-0.15,-1.76
641816,"Mahle, Tyler",2026-10-03,-1.455,0.146,91,733,-0.18,-0.3,-1.27,-0.27,-1.14,-0.15,-2.01
682227,"Williamson, Brandon",2026-10-03,-1.471,0.147,144,249,,,-1.04,-0.82,-0.34,-1.07,-1.07
800048,"Messick, Parker",2026-10-03,-1.557,0.156,160,780,-0.34,-0.6,-1.72,-1.7,-1.16,0.45,-0.79
693433,"Woo, Bryan",2026-10-03,-1.638,0.164,106,701,-1.15,-2.01,1.3,-0.1,0.07,-3.32,-1.74
702070,"Cameron, Noah",2026-10-03,-1.677,0.168,195,758,-0.44,-0.76,-1.98,-1.86,-1.02,-0.15,-0.17
579328,"Kikuchi, Yusei",2026-10-03,-1.687,0.169,178,461,-1.47,-2.56,-1.41,-1.31,0.58,-0.8,-0.47
605135,"Bassitt, Chris",2026-10-03,-1.812,0.181,90,664,,,-1.89,-2.3,-0.73,1.6,-2.02
671737,"Bradley, Taj",2026-10-03,-1.823,0.182,104,749,-0.67,-1.17,-1.12,0.2,-0.8,-1.79,-1.78
700712,"Ureña, Walbert",2026-10-03,-1.855,0.185,81,713,,,-0.44,-1.17,-1.29,-0.39,-2.18
608331,"Fried, Max",2026-10-03,-1.883,0.188,97,481,,,-1.46,0.1,-1.42,-0.87,-1.9
808967,"Yamamoto, Yoshinobu",2026-10-03,-2.025,0.202,88,690,,,-1.65,-1.33,-1.56,0.63,-2.06
680570,"Rodriguez, Grayson",2026-10-03,-2.033,0.203,104,829,-0.56,-0.97,0.5,-0.66,-2.93,-1.35,-1.78
701656,"Henderson, Logan",2026-10-03,-2.091,0.209,87,742,0.13,0.23,-1.37,-2.1,-2.75,0.66,-2.08
801139,"Tolle, Payton",2026-10-03,-2.239,0.224,91,653,-0.81,-1.4,-1.3,0.12,-2.02,,-2.01
669358,"Baz, Shane",2026-10-03,-2.406,0.241,93,705,-0.21,-0.36,-2.08,-1.35,-1.86,-0.88,-1.97
593958,"Rodriguez, Eduardo",2026-10-03,-2.495,0.25,92,917,-1.11,-1.92,-0.94,-2.28,-0.46,-1.24,-1.99
594798,"deGrom, Jacob",2026-10-03,-2.5,0.25,171,681,-0.54,-0.94,-1.77,-2.03,-3.44,-1.03,-0.59
669022,"Gore, MacKenzie",2026-10-03,-2.5,0.25,102,798,-0.96,-1.67,-3.36,-2.05,-0.71,-0.78,-1.81
685299,"Gordon, Tanner",2026-10-03,-2.5,0.25,96,596,-1.08,-1.87,-2.28,-0.91,-2.68,-0.95,-1.92
