date,game_pk,venue,away,home,first_pitch_temp_f,game_window_temp_f,humidity_pct,wind_speed_mph,wind_dir,precip_pct,short_forecast,pressure_mb,t_adj_pct,w_adj_pct,dp_adj_pct,p_adj_pct,precip_adj_pct,carry_pct,wind_out_component,wind_dir_rarity,wind_spd_rarity,model_pct,run_adj_pct,bp_pct,bp_weather_hr_pct,bp_weather_23b_pct,bp_blended,capped,pressure_source,is_dome,roof_open,forecast_generated_at,logged_at
2026-06-30,822793,Rogers Centre,New York Mets,Toronto Blue Jays,83.4,82.0,62,11,SW,1,,5,3.2,1.8,1.8,0.0,0,-0.0,11.0,0.4,0.19,5.6,5.6,,,,False,False,default,False,True,2026-06-30T11:44:51.826084Z,2026-06-30T14:23:40Z
2026-06-30,823445,Citizens Bank Park,Pittsburgh Pirates,Philadelphia Phillies,87,82.5,36,10,S,3,Mostly Clear,1018,1.8,3.8,-0.3,-0.6,0,-0.0,6.95,0.4,0,4.5,4.8,5,14,-2,True,False,BP,False,,2026-06-30T11:44:51.826084Z,2026-06-30T14:23:40Z
2026-06-30,823528,Yankee Stadium,Detroit Tigers,New York Yankees,82,80.9,53,16,S,4,Partly Cloudy,1016,2.7,5.1,0.8,-0.3,0,-0.0,12.78,0.15,0.31,7.9,6.5,5,16,0,True,False,BP,False,,2026-06-30T11:44:51.826084Z,2026-06-30T14:23:40Z
2026-06-30,823768,American Family Field,Cincinnati Reds,Milwaukee Brewers,92,88.9,56,15,SW,5,Partly Cloudy,,5.0,-0.3,1.8,0.0,0,-0.0,-3.88,0.4,0.46,5.1,5.1,,,,False,False,default,False,True,2026-06-30T11:44:51.826084Z,2026-06-30T14:23:40Z
2026-06-30,824096,Kauffman Stadium,Tampa Bay Rays,Kansas City Royals,92,89.2,54,14,S,0,Mostly Clear,1012,3.7,10.0,1.5,0.6,0,0.1,9.18,0,0.31,14.2,12.6,11,28,-4,True,False,BP,False,,2026-06-30T11:44:51.826084Z,2026-06-30T14:23:40Z
2026-06-30,824418,Progressive Field,Texas Rangers,Cleveland Guardians,92,88.1,53,9,SW,0,Mostly Clear,1014,7.0,0.7,2.3,0.6,0,-0.4,7.28,0,0.04,9.3,9.7,10,22,3,True,False,BP,False,,2026-06-30T11:44:51.826084Z,2026-06-30T14:23:40Z
2026-06-30,824742,Fenway Park,Washington Nationals,Boston Red Sox,79,76.6,60,9,S,14,Mostly Cloudy,1015,2.5,2.9,1.0,0.3,0,-0.0,4.09,0.05,0.07,6.6,8.8,11,12,6,True,False,BP,False,,2026-06-30T11:44:51.826084Z,2026-06-30T14:23:40Z
2026-06-30,824819,Oriole Park at Camden Yards,Chicago White Sox,Baltimore Orioles,88,83.6,36,10,S,2,Mostly Clear,,2.5,2.5,-0.2,0.0,0,-0.3,6.56,0.05,0.16,4.1,4.1,,,,False,False,default,False,,2026-06-30T11:44:51.826084Z,2026-06-30T14:23:40Z
2026-06-30,824907,Truist Park,St. Louis Cardinals,Atlanta Braves,92,88.9,54,5,NE,14,Partly Cloudy,1017,2.3,1.4,1.6,-0.3,0,-0.2,3.21,0.95,0,4.0,5.5,7,13,-4,True,False,BP,False,,2026-06-30T11:44:51.826084Z,2026-06-30T14:23:40Z
2026-07-01,822791,Rogers Centre,New York Mets,Toronto Blue Jays,90.6,92.7,63,12,SW,17,,5,9.2,2.0,2.5,0.0,0,-0.0,12.0,0.4,0.52,11.2,11.2,,,,False,False,default,False,True,2026-06-30T11:44:51.826084Z,2026-06-30T14:23:40Z
2026-07-01,823122,T-Mobile Park,Los Angeles Angels,Seattle Mariners,66,64.3,60,9,SSW,1,Mostly Cloudy,1014,-3.0,2.5,-0.1,0.3,0,-0.0,8.43,0,0.64,-0.2,1.4,3,0,2,True,False,BP,False,,2026-06-30T11:44:51.826084Z,2026-06-30T14:23:40Z
2026-07-01,823446,Citizens Bank Park,Pittsburgh Pirates,Philadelphia Phillies,94,90.2,48,10,SW,16,Slight Chance Showers And Thunderstorms,1018,4.9,5.3,1.5,0.0,0,-0.0,10.0,0.2,0,11.4,11.4,,14,-2,False,False,default,False,,2026-06-30T11:44:51.826084Z,2026-06-30T14:23:40Z
2026-07-01,823530,Yankee Stadium,Detroit Tigers,New York Yankees,87,88.1,59,10,SW,17,Slight Chance Showers And Thunderstorms,1016,6.6,4.0,1.9,0.0,0,-0.0,9.9,0.35,0,12.1,12.1,,16,0,False,False,default,False,,2026-06-30T11:44:51.826084Z,2026-06-30T14:23:40Z
2026-07-01,824094,Kauffman Stadium,Tampa Bay Rays,Kansas City Royals,91,89.2,52,14,S,0,Mostly Clear,1012,4.4,10.0,1.4,-0.3,0,0.1,9.18,0,0.31,13.9,13.9,,28,-4,False,False,default,False,,2026-06-30T11:44:51.826084Z,2026-06-30T14:23:40Z
2026-07-01,824175,Daikin Park,Minnesota Twins,Houston Astros,,,,,,,,10,,,,,,,,,,,,,,,,,,True,,2026-06-30T11:44:51.826084Z,2026-06-30T14:23:40Z
2026-07-01,824338,Coors Field,Miami Marlins,Colorado Rockies,86,81.7,17,10,WSW,9,Patchy Smoke,1000,2.4,5.2,-0.2,4.8,0,0.0,10.0,0.65,0.34,11.9,7.0,2,4,-8,True,False,BP,False,,2026-06-30T11:44:51.826084Z,2026-06-30T14:23:40Z
2026-07-01,824419,Progressive Field,Texas Rangers,Cleveland Guardians,93,94.5,53,8,W,0,Sunny,1014,12.9,0.1,2.1,0.3,0,-0.4,1.25,0.85,0.04,13.7,13.7,,22,3,False,False,default,False,,2026-06-30T11:44:51.826084Z,2026-06-30T14:23:40Z
2026-07-01,824660,Wrigley Field,San Diego Padres,Chicago Cubs,95,96.0,48,15,SSW,0,Sunny,1012,11.8,22.8,2.0,0.0,0,-0.0,14.59,0.3,0.22,38.6,38.6,,56,14,False,False,default,False,,2026-06-30T11:44:51.826084Z,2026-06-30T14:23:40Z
2026-07-01,824661,Wrigley Field,San Diego Padres,Chicago Cubs,92,89.1,57,15,SW,0,Mostly Clear,1012,7.3,19.7,2.5,0.9,0,-0.0,12.14,0.55,0.22,32.0,33.5,35,56,14,True,False,BP,False,,2026-06-30T11:44:51.826084Z,2026-06-30T14:23:40Z
2026-07-01,824740,Fenway Park,Washington Nationals,Boston Red Sox,91,90.7,50,10,SW,3,Mostly Sunny,1015,9.2,6.9,2.0,0.0,0,-0.0,9.51,0.1,0.07,17.9,17.9,,12,6,False,False,default,False,,2026-06-30T11:44:51.826084Z,2026-06-30T14:23:40Z
2026-07-01,824818,Oriole Park at Camden Yards,Chicago White Sox,Baltimore Orioles,94,95.6,44,6,S,0,Sunny,,9.9,1.5,1.4,0.0,0,-0.3,3.94,0.05,0,11.5,11.5,,,,False,False,default,False,,2026-06-30T11:44:51.826084Z,2026-06-30T14:23:40Z
2026-07-01,824905,Truist Park,St. Louis Cardinals,Atlanta Braves,91,88.1,53,5,E,15,Slight Chance Showers And Thunderstorms,1017,2.0,-0.0,1.5,0.0,0,-0.2,-0.44,0.3,0,2.7,2.7,,13,-4,False,False,default,False,,2026-06-30T11:44:51.826084Z,2026-06-30T14:23:40Z
2026-07-01,824984,Sutter Health Park,Los Angeles Dodgers,Athletics,85,77.6,31,9,SW,0,Clear,1006,-1.5,1.5,-0.3,1.8,0,-0.5,8.99,0,0.25,1.0,4.5,8,7,4,True,False,BP,False,,2026-06-30T11:44:51.826084Z,2026-06-30T14:23:40Z
2026-07-01,825066,Chase Field,San Francisco Giants,Arizona Diamondbacks,,,,,,,,20,,,,,,,,,,,,,,,,,,True,,2026-06-30T11:44:51.826084Z,2026-06-30T14:23:40Z
2026-07-02,823767,American Family Field,Cincinnati Reds,Milwaukee Brewers,92,88.9,49,15,SW,6,Mostly Clear,,5.0,-0.3,1.2,0.0,0,-0.0,-3.88,0.4,0.46,4.6,4.6,,,,False,False,default,False,True,2026-06-30T11:44:51.826084Z,2026-06-30T14:23:40Z
2026-07-02,824174,Daikin Park,Minnesota Twins,Houston Astros,,,,,,,,10,,,,,,,,,,,,,,,,,,True,,2026-06-30T11:44:51.826084Z,2026-06-30T14:23:40Z
2026-07-02,824337,Coors Field,Miami Marlins,Colorado Rockies,84,80.2,14,14,NNE,3,Partly Cloudy,1000,1.9,-2.9,-1.0,-1.0,0,0.0,-9.64,0,0.58,-3.0,-3.0,,4,-8,False,False,default,False,,2026-06-30T11:44:51.826084Z,2026-06-30T14:23:40Z
2026-07-02,824985,Sutter Health Park,Los Angeles Dodgers,Athletics,82,76.2,38,9,SW,0,Clear,1006,-2.1,1.5,0.1,-0.9,0,-0.5,8.99,0,0.25,-1.7,-1.7,,7,4,False,False,default,False,,2026-06-30T11:44:51.826084Z,2026-06-30T14:23:40Z
2026-07-02,825064,Chase Field,San Francisco Giants,Arizona Diamondbacks,,,,,,,,20,,,,,,,,,,,,,,,,,,True,,2026-06-30T11:44:51.826084Z,2026-06-30T14:23:40Z
